alpss_output_data_set4\C1--20250807--00001-velocity--smooth.csv,6_reject
alpss_output_data_set4\C1--20250807--00002-velocity--smooth.csv,6_reject
alpss_output_data_set4\C1--20250807--00003-velocity--smooth.csv,6_reject
alpss_output_data_set4\C1--20250807--00004-velocity--smooth.csv,6_reject
alpss_output_data_set4\C1--20250807--00005-velocity--smooth.csv,6_reject
alpss_output_data_set4\C1--20250807--00006-velocity--smooth.csv,6_reject
alpss_output_data_set4\C1--20250807--00007-velocity--smooth.csv,6_reject
alpss_output_data_set4\C1--20250807--00008-velocity--smooth.csv,6_reject
alpss_output_data_set4\C1--20250807--00009-velocity--smooth.csv,6_reject
alpss_output_data_set4\C1--20250807--00010-velocity--smooth.csv,6_reject
alpss_output_data_set4\C1--20250807--00011-velocity--smooth.csv,6_reject
alpss_output_data_set4\C1--20250807--00012-velocity--smooth.csv,6_reject
alpss_output_data_set4\C1--20250807--00013-velocity--smooth.csv,6_reject
alpss_output_data_set4\C1--20250807--00014-velocity--smooth.csv,6_reject
alpss_output_data_set4\C1--20250807--00015-velocity--smooth.csv,6_reject
alpss_output_data_set4\C1--20250807--00016-velocity--smooth.csv,6_reject
alpss_output_data_set4\C1--20250807--00017-velocity--smooth.csv,6_reject
alpss_output_data_set4\C1--20250807--00018-velocity--smooth.csv,6_reject
alpss_output_data_set4\C1--20250807--00019-velocity--smooth.csv,6_reject
alpss_output_data_set4\C1--20250807--00020-velocity--smooth.csv,6_reject
alpss_output_data_set4\C1--20250807--00021-velocity--smooth.csv,6_reject
alpss_output_data_set4\C1--20250807--00022-velocity--smooth.csv,6_reject
alpss_output_data_set4\C1--20250807--00023-velocity--smooth.csv,6_reject
alpss_output_data_set4\C1--20250807--00024-velocity--smooth.csv,6_reject
alpss_output_data_set4\C1--20250807--00025-velocity--smooth.csv,6_reject
alpss_output_data_set4\C1--20250807--00026-velocity--smooth.csv,3_contains_spall_and_hel
alpss_output_data_set4\C1--20250807--00027-velocity--smooth.csv,6_reject
alpss_output_data_set4\C1--20250807--00028-velocity--smooth.csv,1_contains_hel
alpss_output_data_set4\C1--20250807--00029-velocity--smooth.csv,6_reject
alpss_output_data_set4\C1--20250807--00030-velocity--smooth.csv,6_reject
alpss_output_data_set4\C1--20250807--00031-velocity--smooth.csv,6_reject
alpss_output_data_set4\C1--20250807--00032-velocity--smooth.csv,6_reject
alpss_output_data_set4\C1--20250807--00033-velocity--smooth.csv,6_reject
alpss_output_data_set4\C1--20250807--00034-velocity--smooth.csv,3_contains_spall_and_hel
alpss_output_data_set4\C1--20250807--00035-velocity--smooth.csv,3_contains_spall_and_hel
alpss_output_data_set4\C1--20250807--00036-velocity--smooth.csv,6_reject
alpss_output_data_set4\C1--20250807--00037-velocity--smooth.csv,6_reject
alpss_output_data_set4\C1--20250807--00038-velocity--smooth.csv,6_reject
alpss_output_data_set4\C1--20250807--00039-velocity--smooth.csv,6_reject
alpss_output_data_set4\C1--20250807--00040-velocity--smooth.csv,6_reject
alpss_output_data_set4\C1--20250807--00041-velocity--smooth.csv,6_reject
alpss_output_data_set4\C1--20250807--00042-velocity--smooth.csv,6_reject
alpss_output_data_set4\C1--20250807--00043-velocity--smooth.csv,6_reject
alpss_output_data_set4\C1--20250807--00044-velocity--smooth.csv,6_reject
alpss_output_data_set4\C1--20250807--00045-velocity--smooth.csv,6_reject
alpss_output_data_set4\C1--20250807--00046-velocity--smooth.csv,3_contains_spall_and_hel
alpss_output_data_set4\C1--20250807--00047-velocity--smooth.csv,6_reject
alpss_output_data_set4\C1--20250807--00048-velocity--smooth.csv,6_reject
alpss_output_data_set4\C1--20250807--00049-velocity--smooth.csv,3_contains_spall_and_hel
alpss_output_data_set4\C1--20250807--00050-velocity--smooth.csv,1_contains_hel
alpss_output_data_set4\C1--20250807--00051-velocity--smooth.csv,1_contains_hel
alpss_output_data_set4\C1--20250807--00052-velocity--smooth.csv,6_reject
alpss_output_data_set4\C1--20250807--00053-velocity--smooth.csv,6_reject
alpss_output_data_set4\C1--20250807--00054-velocity--smooth.csv,6_reject
alpss_output_data_set4\C1--20250807--00055-velocity--smooth.csv,6_reject
alpss_output_data_set4\C1--20250807--00056-velocity--smooth.csv,6_reject
alpss_output_data_set4\C1--20250807--00057-velocity--smooth.csv,1_contains_hel
alpss_output_data_set4\C1--20250807--00058-velocity--smooth.csv,1_contains_hel
alpss_output_data_set4\C1--20250807--00059-velocity--smooth.csv,3_contains_spall_and_hel
alpss_output_data_set4\C1--20250807--00060-velocity--smooth.csv,6_reject
alpss_output_data_set4\C1--20250807--00061-velocity--smooth.csv,3_contains_spall_and_hel
alpss_output_data_set4\C1--20250807--00062-velocity--smooth.csv,6_reject
alpss_output_data_set4\C1--20250807--00063-velocity--smooth.csv,3_contains_spall_and_hel
alpss_output_data_set4\C1--20250807--00064-velocity--smooth.csv,3_contains_spall_and_hel
alpss_output_data_set4\C1--20250807--00065-velocity--smooth.csv,3_contains_spall_and_hel
alpss_output_data_set4\C1--20250807--00066-velocity--smooth.csv,2_contains_spall
alpss_output_data_set4\C1--20250807--00067-velocity--smooth.csv,3_contains_spall_and_hel
alpss_output_data_set4\C1--20250807--00068-velocity--smooth.csv,5_no_features
alpss_output_data_set4\C1--20250807--00069-velocity--smooth.csv,6_reject
alpss_output_data_set4\C1--20250807--00070-velocity--smooth.csv,6_reject
alpss_output_data_set4\C1--20250807--00071-velocity--smooth.csv,6_reject
alpss_output_data_set4\C1--20250811--00001-velocity--smooth.csv,6_reject
alpss_output_data_set4\C1--20250811--00002-velocity--smooth.csv,6_reject
alpss_output_data_set4\C1--20250811--00003-velocity--smooth.csv,6_reject
alpss_output_data_set4\C1--20250811--00004-velocity--smooth.csv,6_reject
alpss_output_data_set4\C1--20250811--00005-velocity--smooth.csv,6_reject
alpss_output_data_set4\C1--20250811--00006-velocity--smooth.csv,6_reject
alpss_output_data_set4\C1--20250811--00007-velocity--smooth.csv,6_reject
alpss_output_data_set4\C1--20250811--00008-velocity--smooth.csv,6_reject
alpss_output_data_set4\C1--20250811--00009-velocity--smooth.csv,6_reject
alpss_output_data_set4\C1--20250811--00010-velocity--smooth.csv,6_reject
alpss_output_data_set4\C1--20250811--00011-velocity--smooth.csv,6_reject
alpss_output_data_set4\C1--20250811--00012-velocity--smooth.csv,6_reject
alpss_output_data_set4\C1--20250811--00013-velocity--smooth.csv,6_reject
alpss_output_data_set4\C1--20250811--00014-velocity--smooth.csv,6_reject
alpss_output_data_set4\C1--20250811--00015-velocity--smooth.csv,6_reject
alpss_output_data_set4\C1--20250811--00016-velocity--smooth.csv,6_reject
alpss_output_data_set4\C1--20250811--00017-velocity--smooth.csv,6_reject
alpss_output_data_set4\C1--20250811--00027-velocity--smooth.csv,6_reject
alpss_output_data_set4\C1--20250811--00028-velocity--smooth.csv,2_contains_spall
alpss_output_data_set4\C1--20250811--00029-velocity--smooth.csv,2_contains_spall
alpss_output_data_set4\C1--20250811--00030-velocity--smooth.csv,6_reject
alpss_output_data_set4\C1--20250811--00031-velocity--smooth.csv,2_contains_spall
alpss_output_data_set4\C1--20250811--00032-velocity--smooth.csv,6_reject
alpss_output_data_set4\C1--20250811--00033-velocity--smooth.csv,2_contains_spall
alpss_output_data_set4\C1--20250811--00034-velocity--smooth.csv,2_contains_spall
alpss_output_data_set4\C1--20250811--00035-velocity--smooth.csv,2_contains_spall
alpss_output_data_set4\C1--20250811--00036-velocity--smooth.csv,2_contains_spall
alpss_output_data_set4\C1--20250811--00037-velocity--smooth.csv,2_contains_spall
alpss_output_data_set4\C1--20250811--00038-velocity--smooth.csv,6_reject
alpss_output_data_set4\C1--20250811--00039-velocity--smooth.csv,2_contains_spall
alpss_output_data_set4\C1--20250811--00041-velocity--smooth.csv,2_contains_spall
alpss_output_data_set4\C1--20250811--00042-velocity--smooth.csv,6_reject
alpss_output_data_set4\C1--20250811--00043-velocity--smooth.csv,2_contains_spall
alpss_output_data_set4\C1--20250811--00044-velocity--smooth.csv,6_reject
alpss_output_data_set4\C1--20250811--00045-velocity--smooth.csv,2_contains_spall
alpss_output_data_set4\C1--20250811--00046-velocity--smooth.csv,5_no_features
alpss_output_data_set4\C1--20250811--00047-velocity--smooth.csv,2_contains_spall
alpss_output_data_set4\C1--20250811--00048-velocity--smooth.csv,2_contains_spall
alpss_output_data_set4\C1--20250811--00049-velocity--smooth.csv,5_no_features
alpss_output_data_set4\C1--20250811--00050-velocity--smooth.csv,6_reject
alpss_output_data_set4\C1--20250811--00051-velocity--smooth.csv,6_reject
alpss_output_data_set4\C1--20250811--00052-velocity--smooth.csv,6_reject
alpss_output_data_set4\C1--20250811--00053-velocity--smooth.csv,6_reject
alpss_output_data_set4\C1--20250811--00054-velocity--smooth.csv,6_reject
alpss_output_data_set4\C1--20250811--00055-velocity--smooth.csv,6_reject
alpss_output_data_set4\C1--20250811--00056-velocity--smooth.csv,6_reject
alpss_output_data_set4\C1--20250811--00057-velocity--smooth.csv,6_reject
alpss_output_data_set4\C1--20250811--00058-velocity--smooth.csv,6_reject
alpss_output_data_set4\C1--20250811--00059-velocity--smooth.csv,6_reject
alpss_output_data_set4\C1--20250811--00060-velocity--smooth.csv,6_reject
alpss_output_data_set4\C1--20250811--00061-velocity--smooth.csv,6_reject
alpss_output_data_set4\C1--20250811--00062-velocity--smooth.csv,6_reject
alpss_output_data_set4\C1--20250811--00063-velocity--smooth.csv,6_reject
alpss_output_data_set4\C1--20250811--00064-velocity--smooth.csv,6_reject
alpss_output_data_set4\C1--20250811--00065-velocity--smooth.csv,6_reject
alpss_output_data_set4\C1--20250811--00066-velocity--smooth.csv,6_reject
alpss_output_data_set4\C1--20250811--00067-velocity--smooth.csv,6_reject
alpss_output_data_set4\C1--20250811--00068-velocity--smooth.csv,6_reject
alpss_output_data_set4\C1--20250811--00069-velocity--smooth.csv,6_reject
alpss_output_data_set4\C1--20250811--00070-velocity--smooth.csv,6_reject
alpss_output_data_set4\C1--20250811--00071-velocity--smooth.csv,6_reject
alpss_output_data_set4\C1--20250811--00072-velocity--smooth.csv,6_reject
alpss_output_data_set4\C1--20250811--00073-velocity--smooth.csv,6_reject
alpss_output_data_set4\C1--20250811--00074-velocity--smooth.csv,6_reject
alpss_output_data_set4\C1--20250811--00075-velocity--smooth.csv,6_reject
alpss_output_data_set4\C1--20250811--00076-velocity--smooth.csv,6_reject
alpss_output_data_set4\C1--20250811--00077-velocity--smooth.csv,6_reject
alpss_output_data_set4\C1--20250811--00078-velocity--smooth.csv,6_reject
alpss_output_data_set4\C1--20250811--00079-velocity--smooth.csv,6_reject
alpss_output_data_set4\C1--20250811--00080-velocity--smooth.csv,6_reject
alpss_output_data_set4\C1--20250811--00081-velocity--smooth.csv,3_contains_spall_and_hel
alpss_output_data_set4\C1--20250811--00082-velocity--smooth.csv,6_reject
alpss_output_data_set4\C1--20250811--00083-velocity--smooth.csv,6_reject
alpss_output_data_set4\C1--20250811--00084-velocity--smooth.csv,6_reject
alpss_output_data_set4\C1--20250811--00085-velocity--smooth.csv,6_reject
alpss_output_data_set4\C1--20250811--00086-velocity--smooth.csv,6_reject
alpss_output_data_set4\C1--20250811--00087-velocity--smooth.csv,6_reject
alpss_output_data_set4\C1--20250811--00088-velocity--smooth.csv,6_reject
alpss_output_data_set4\C1--20250811--00089-velocity--smooth.csv,6_reject
alpss_output_data_set4\C1--20250811--00090-velocity--smooth.csv,6_reject
alpss_output_data_set4\C1--20250811--00091-velocity--smooth.csv,6_reject
alpss_output_data_set4\C1--20250811--00092-velocity--smooth.csv,6_reject
alpss_output_data_set4\C1--20250811--00093-velocity--smooth.csv,6_reject
alpss_output_data_set4\C1--20250811--00094-velocity--smooth.csv,6_reject
alpss_output_data_set4\C1--20250811--00095-velocity--smooth.csv,6_reject
alpss_output_data_set4\C1--20250811--00096-velocity--smooth.csv,6_reject
alpss_output_data_set4\C1--20250811--00097-velocity--smooth.csv,6_reject
alpss_output_data_set4\C1--20250811--00098-velocity--smooth.csv,6_reject
alpss_output_data_set4\C1--20250811--00099-velocity--smooth.csv,6_reject
alpss_output_data_set4\C1--20250811--00100-velocity--smooth.csv,6_reject
alpss_output_data_set4\C1--20250811--00101-velocity--smooth.csv,6_reject
alpss_output_data_set4\C1--20250811--00102-velocity--smooth.csv,6_reject
alpss_output_data_set4\C1--20250811--00103-velocity--smooth.csv,6_reject
alpss_output_data_set4\C1--20250811--00104-velocity--smooth.csv,6_reject
alpss_output_data_set4\C1--20250811--00105-velocity--smooth.csv,6_reject
alpss_output_data_set4\C1--20250811--00106-velocity--smooth.csv,6_reject
alpss_output_data_set4\C1--20250811--00107-velocity--smooth.csv,6_reject
alpss_output_data_set4\C1--20251020--00001-velocity--smooth.csv,6_reject
alpss_output_data_set4\C1--20251020--00002-velocity--smooth.csv,6_reject
alpss_output_data_set4\C1--20251020--00003-velocity--smooth.csv,6_reject
alpss_output_data_set4\C1--20251020--00004-velocity--smooth.csv,6_reject
alpss_output_data_set4\C1--20251020--00005-velocity--smooth.csv,6_reject
alpss_output_data_set4\C1--20251020--00006-velocity--smooth.csv,6_reject
alpss_output_data_set4\C1--20251020--00007-velocity--smooth.csv,6_reject
alpss_output_data_set4\C1--20251020--00008-velocity--smooth.csv,6_reject
alpss_output_data_set4\C1--20251020--00009-velocity--smooth.csv,6_reject
alpss_output_data_set4\C1--20251020--00010-velocity--smooth.csv,6_reject
alpss_output_data_set4\C1--20251020--00011-velocity--smooth.csv,6_reject
alpss_output_data_set4\C1--20251022--00001-velocity--smooth.csv,6_reject
alpss_output_data_set4\C1--20251022--00002-velocity--smooth.csv,6_reject
alpss_output_data_set4\C1--20251022--00003-velocity--smooth.csv,6_reject
alpss_output_data_set4\C1--20251022--00004-velocity--smooth.csv,6_reject
alpss_output_data_set4\C1--20251022--00005-velocity--smooth.csv,6_reject
alpss_output_data_set4\C1--20251022--00006-velocity--smooth.csv,6_reject
alpss_output_data_set4\C1--20251022--00007-velocity--smooth.csv,6_reject
alpss_output_data_set4\C1--20251022--00008-velocity--smooth.csv,6_reject
alpss_output_data_set4\C1--20251022--00009-velocity--smooth.csv,6_reject
alpss_output_data_set4\C1--20251022--00010-velocity--smooth.csv,6_reject
alpss_output_data_set4\C1--20251022--00011-velocity--smooth.csv,6_reject
alpss_output_data_set4\C1--20251022--00012-velocity--smooth.csv,6_reject
alpss_output_data_set4\C1--20251022--00013-velocity--smooth.csv,6_reject
alpss_output_data_set4\C1--20251022--00014-velocity--smooth.csv,6_reject
alpss_output_data_set4\C1--20251022--00015-velocity--smooth.csv,6_reject
alpss_output_data_set4\C1--20251022--00016-velocity--smooth.csv,6_reject
alpss_output_data_set4\C1--20251022--00017-velocity--smooth.csv,6_reject
alpss_output_data_set4\C1--20251022--00018-velocity--smooth.csv,6_reject
alpss_output_data_set4\C1--20251022--00019-velocity--smooth.csv,6_reject
alpss_output_data_set4\C1--20251022--00020-velocity--smooth.csv,6_reject
alpss_output_data_set4\C1--20251022--00021-velocity--smooth.csv,6_reject
alpss_output_data_set4\C1--20251022--00022-velocity--smooth.csv,6_reject
alpss_output_data_set4\C1--20251022--00023-velocity--smooth.csv,6_reject
alpss_output_data_set4\C1--20251022--00024-velocity--smooth.csv,6_reject
alpss_output_data_set4\C1--20251022--00025-velocity--smooth.csv,6_reject
alpss_output_data_set4\C1--20251022--00026-velocity--smooth.csv,6_reject
alpss_output_data_set4\C1--20251022--00027-velocity--smooth.csv,6_reject
alpss_output_data_set4\C1--20251022--00028-velocity--smooth.csv,6_reject
alpss_output_data_set4\C1--20251022--00029-velocity--smooth.csv,6_reject
alpss_output_data_set4\C1--20251022--00030-velocity--smooth.csv,6_reject
alpss_output_data_set4\C1--20251022--00031-velocity--smooth.csv,6_reject
alpss_output_data_set4\C1--20251022--00032-velocity--smooth.csv,6_reject
alpss_output_data_set4\C1--20251022--00033-velocity--smooth.csv,6_reject
alpss_output_data_set4\C1--20251022--00034-velocity--smooth.csv,6_reject
alpss_output_data_set4\C1--20251022--00035-velocity--smooth.csv,6_reject
alpss_output_data_set4\C1--20251022--00036-velocity--smooth.csv,6_reject
alpss_output_data_set4\C1--20251022--00037-velocity--smooth.csv,2_contains_spall
alpss_output_data_set4\C1--20251022--00038-velocity--smooth.csv,6_reject
alpss_output_data_set4\C1--20251022--00039-velocity--smooth.csv,6_reject
alpss_output_data_set4\C1--20251022--00040-velocity--smooth.csv,6_reject
alpss_output_data_set4\C1--20251022--00041-velocity--smooth.csv,5_no_features
alpss_output_data_set4\C1--20251022--00042-velocity--smooth.csv,6_reject
alpss_output_data_set4\C1--20251022--00043-velocity--smooth.csv,6_reject
alpss_output_data_set4\C1--20251023--00001-velocity--smooth.csv,6_reject
alpss_output_data_set4\C1--20251023--00002-velocity--smooth.csv,6_reject
alpss_output_data_set4\C1--20251023--00003-velocity--smooth.csv,6_reject
alpss_output_data_set4\C1--20251023--00004-velocity--smooth.csv,6_reject
alpss_output_data_set4\C1--20251023--00005-velocity--smooth.csv,6_reject
alpss_output_data_set4\C1--20251023--00006-velocity--smooth.csv,6_reject
alpss_output_data_set4\C1--20251023--00007-velocity--smooth.csv,6_reject
alpss_output_data_set4\C1--20251023--00008-velocity--smooth.csv,6_reject
alpss_output_data_set4\C1--20251023--00009-velocity--smooth.csv,6_reject
alpss_output_data_set4\C1--20251023--00010-velocity--smooth.csv,6_reject
alpss_output_data_set4\C1--20251023--00011-velocity--smooth.csv,6_reject
alpss_output_data_set4\C1--20251023--00012-velocity--smooth.csv,6_reject
alpss_output_data_set4\C1--20251023--00013-velocity--smooth.csv,6_reject
alpss_output_data_set4\C1--20251023--00014-velocity--smooth.csv,6_reject
alpss_output_data_set4\C1--20251023--00015-velocity--smooth.csv,6_reject
alpss_output_data_set4\C1--20251023--00016-velocity--smooth.csv,6_reject
alpss_output_data_set4\C1--20251023--00017-velocity--smooth.csv,6_reject
alpss_output_data_set4\C1--20251023--00018-velocity--smooth.csv,6_reject
alpss_output_data_set4\C1--20251023--00019-velocity--smooth.csv,6_reject
alpss_output_data_set4\C1--20251023--00020-velocity--smooth.csv,6_reject
alpss_output_data_set4\C1--20251023--00021-velocity--smooth.csv,6_reject
alpss_output_data_set4\C1--20251023--00022-velocity--smooth.csv,6_reject
alpss_output_data_set4\C1--20251023--00023-velocity--smooth.csv,6_reject
alpss_output_data_set4\C1--20251023--00024-velocity--smooth.csv,6_reject
alpss_output_data_set4\C1--20251023--00025-velocity--smooth.csv,6_reject
alpss_output_data_set4\C1--20251023--00026-velocity--smooth.csv,6_reject
alpss_output_data_set4\C1--20251023--00027-velocity--smooth.csv,6_reject
alpss_output_data_set4\C1--20251023--00028-velocity--smooth.csv,6_reject
alpss_output_data_set4\C1--20251023--00029-velocity--smooth.csv,6_reject
alpss_output_data_set4\C1--20251023--00030-velocity--smooth.csv,6_reject
alpss_output_data_set4\C1--20251023--00031-velocity--smooth.csv,6_reject
alpss_output_data_set4\C1--20251023--00032-velocity--smooth.csv,6_reject
alpss_output_data_set4\C1--20251023--00033-velocity--smooth.csv,6_reject
alpss_output_data_set4\C1--20251023--00034-velocity--smooth.csv,6_reject
alpss_output_data_set4\C1--20251023--00035-velocity--smooth.csv,6_reject
alpss_output_data_set4\C1--20251023--00036-velocity--smooth.csv,6_reject
alpss_output_data_set4\C1--20251023--00037-velocity--smooth.csv,6_reject
alpss_output_data_set4\C1--20251023--00038-velocity--smooth.csv,6_reject
alpss_output_data_set4\C1--20251023--00039-velocity--smooth.csv,6_reject
alpss_output_data_set4\C1--20251023--00040-velocity--smooth.csv,6_reject
alpss_output_data_set4\C1--20251023--00041-velocity--smooth.csv,6_reject
alpss_output_data_set4\C1--20251023--00042-velocity--smooth.csv,6_reject
alpss_output_data_set4\C1--20251023--00043-velocity--smooth.csv,6_reject
alpss_output_data_set4\C1--20251023--00044-velocity--smooth.csv,6_reject
alpss_output_data_set4\C1--20251023--00045-velocity--smooth.csv,6_reject
alpss_output_data_set4\C1--20251023--00046-velocity--smooth.csv,6_reject
alpss_output_data_set4\C1--20251023--00047-velocity--smooth.csv,6_reject
alpss_output_data_set4\C1--20251023--00048-velocity--smooth.csv,6_reject
alpss_output_data_set4\C1--20251023--00049-velocity--smooth.csv,6_reject
alpss_output_data_set4\C1--20251023--00050-velocity--smooth.csv,6_reject
alpss_output_data_set4\C1--20251023--00051-velocity--smooth.csv,6_reject
alpss_output_data_set4\C1--20251023--00052-velocity--smooth.csv,6_reject
alpss_output_data_set4\C1--20251023--00053-velocity--smooth.csv,6_reject
alpss_output_data_set4\C1--20251023--00054-velocity--smooth.csv,6_reject
alpss_output_data_set4\C1--20251023--00055-velocity--smooth.csv,6_reject
alpss_output_data_set4\C1--20251023--00056-velocity--smooth.csv,6_reject
alpss_output_data_set4\C1--20251023--00057-velocity--smooth.csv,6_reject
alpss_output_data_set4\C1--20251023--00058-velocity--smooth.csv,6_reject
alpss_output_data_set4\C1--20251023--00059-velocity--smooth.csv,6_reject
alpss_output_data_set4\C1--20251023--00060-velocity--smooth.csv,6_reject
alpss_output_data_set4\C1--20251023--00061-velocity--smooth.csv,6_reject
alpss_output_data_set4\C1--20251023--00062-velocity--smooth.csv,6_reject
alpss_output_data_set4\C1--20251023--00063-velocity--smooth.csv,6_reject
alpss_output_data_set4\C1--20251023--00064-velocity--smooth.csv,6_reject
alpss_output_data_set4\C1--20251023--00065-velocity--smooth.csv,6_reject
alpss_output_data_set4\C1--20251023--00066-velocity--smooth.csv,6_reject
alpss_output_data_set4\C1--20251023--00067-velocity--smooth.csv,6_reject
alpss_output_data_set4\C1--20251023--00068-velocity--smooth.csv,6_reject
alpss_output_data_set4\C1--20251023--00069-velocity--smooth.csv,6_reject
alpss_output_data_set4\C1--20251023--00070-velocity--smooth.csv,6_reject
alpss_output_data_set4\C1--20251023--00071-velocity--smooth.csv,6_reject
alpss_output_data_set4\C1--20251023--00072-velocity--smooth.csv,6_reject
alpss_output_data_set4\C1--20251023--00073-velocity--smooth.csv,6_reject
alpss_output_data_set4\C1--20251023--00074-velocity--smooth.csv,6_reject
alpss_output_data_set4\C1--20251023--00075-velocity--smooth.csv,6_reject
alpss_output_data_set4\C1--20251023--00076-velocity--smooth.csv,6_reject
alpss_output_data_set4\C1--20251023--00077-velocity--smooth.csv,6_reject
alpss_output_data_set4\C1--20251023--00078-velocity--smooth.csv,6_reject
alpss_output_data_set4\C1--20251023--00079-velocity--smooth.csv,6_reject
alpss_output_data_set4\C1--20251023--00080-velocity--smooth.csv,6_reject
alpss_output_data_set4\C1--20251023--00081-velocity--smooth.csv,6_reject
alpss_output_data_set4\C1--20251023--00082-velocity--smooth.csv,6_reject
alpss_output_data_set4\C1--20251023--00083-velocity--smooth.csv,6_reject
alpss_output_data_set4\C1--20251023--00084-velocity--smooth.csv,6_reject
alpss_output_data_set4\C1--20251023--00086-velocity--smooth.csv,6_reject
alpss_output_data_set4\C1--20251023--00087-velocity--smooth.csv,6_reject
alpss_output_data_set4\C1--20251023--00088-velocity--smooth.csv,6_reject
alpss_output_data_set4\C1--20251023--00089-velocity--smooth.csv,6_reject
alpss_output_data_set4\C1--20251023--00090-velocity--smooth.csv,6_reject
alpss_output_data_set4\C1--20251023--00091-velocity--smooth.csv,6_reject
alpss_output_data_set4\C1--20251023--00092-velocity--smooth.csv,6_reject
alpss_output_data_set4\C1--20251023--00093-velocity--smooth.csv,6_reject
alpss_output_data_set4\C1--20251023--00094-velocity--smooth.csv,6_reject
alpss_output_data_set4\C1--20251023--00095-velocity--smooth.csv,6_reject
alpss_output_data_set4\C1--20251023--00096-velocity--smooth.csv,6_reject
alpss_output_data_set4\C1--20251023--00097-velocity--smooth.csv,6_reject
alpss_output_data_set4\C1--20251023--00098-velocity--smooth.csv,6_reject
alpss_output_data_set4\C1--20251023--00099-velocity--smooth.csv,6_reject
alpss_output_data_set4\C1--20251023--00100-velocity--smooth.csv,6_reject
alpss_output_data_set4\C1--20251023--00101-velocity--smooth.csv,6_reject
alpss_output_data_set4\C1--20251023--00102-velocity--smooth.csv,6_reject
alpss_output_data_set4\C1--20251023--00103-velocity--smooth.csv,6_reject
alpss_output_data_set4\C1--20251023--00104-velocity--smooth.csv,6_reject
alpss_output_data_set4\C1--20251023--00105-velocity--smooth.csv,6_reject
alpss_output_data_set4\C1--20251023--00106-velocity--smooth.csv,6_reject
alpss_output_data_set4\C1--20251023--00107-velocity--smooth.csv,6_reject
alpss_output_data_set4\C1--20251023--00108-velocity--smooth.csv,6_reject
alpss_output_data_set4\C1--20251023--00109-velocity--smooth.csv,6_reject
alpss_output_data_set4\C1--20251023--00110-velocity--smooth.csv,6_reject
alpss_output_data_set4\C1--20251023--00111-velocity--smooth.csv,6_reject
alpss_output_data_set4\C1--20251023--00112-velocity--smooth.csv,6_reject
alpss_output_data_set4\C1--20251023--00113-velocity--smooth.csv,6_reject
alpss_output_data_set4\C1--20251023--00114-velocity--smooth.csv,6_reject
alpss_output_data_set4\C1--20251023--00115-velocity--smooth.csv,6_reject
alpss_output_data_set4\C1--20251023--00116-velocity--smooth.csv,6_reject
alpss_output_data_set4\C1--20251023--00117-velocity--smooth.csv,6_reject
alpss_output_data_set4\C1--20251023--00119-velocity--smooth.csv,6_reject
alpss_output_data_set4\C1--20251023--00120-velocity--smooth.csv,6_reject
alpss_output_data_set4\C1--20251023--00121-velocity--smooth.csv,6_reject
alpss_output_data_set4\C1--20251023--00122-velocity--smooth.csv,6_reject
alpss_output_data_set4\C1--20251023--00123-velocity--smooth.csv,6_reject
alpss_output_data_set4\C1--20251023--00124-velocity--smooth.csv,6_reject
alpss_output_data_set4\C1--20251023--00125-velocity--smooth.csv,6_reject
alpss_output_data_set4\C1--20251023--00126-velocity--smooth.csv,6_reject
alpss_output_data_set4\C1--20251023--00127-velocity--smooth.csv,6_reject
alpss_output_data_set4\C1--20251023--00128-velocity--smooth.csv,6_reject
alpss_output_data_set4\C1--20251023--00129-velocity--smooth.csv,6_reject
alpss_output_data_set4\C1--20251023--00130-velocity--smooth.csv,6_reject
alpss_output_data_set4\C1--20251023--00131-velocity--smooth.csv,6_reject
alpss_output_data_set4\C1--20251023--00132-velocity--smooth.csv,6_reject
alpss_output_data_set4\C1--20251023--00133-velocity--smooth.csv,6_reject
alpss_output_data_set4\C1--20251023--00134-velocity--smooth.csv,6_reject
alpss_output_data_set4\C1--20251023--00135-velocity--smooth.csv,6_reject
alpss_output_data_set4\C1--20251023--00136-velocity--smooth.csv,6_reject
alpss_output_data_set4\C1--20251023--00137-velocity--smooth.csv,6_reject
alpss_output_data_set4\C1--20251023--00138-velocity--smooth.csv,6_reject
alpss_output_data_set4\C1--20251023--00139-velocity--smooth.csv,6_reject
alpss_output_data_set4\C1--20251023--00140-velocity--smooth.csv,6_reject
alpss_output_data_set4\C1--20251023--00141-velocity--smooth.csv,6_reject
alpss_output_data_set4\C1--20251023--00142-velocity--smooth.csv,6_reject
alpss_output_data_set4\C1--20251023--00143-velocity--smooth.csv,6_reject
alpss_output_data_set4\C1--20251023--00144-velocity--smooth.csv,6_reject
alpss_output_data_set4\C1--20251023--00145-velocity--smooth.csv,6_reject
alpss_output_data_set4\C1--20251023--00146-velocity--smooth.csv,6_reject
alpss_output_data_set4\C1--20251023--00147-velocity--smooth.csv,6_reject
alpss_output_data_set4\C1--20251023--00148-velocity--smooth.csv,6_reject
alpss_output_data_set4\C1--20251023--00149-velocity--smooth.csv,6_reject
alpss_output_data_set4\C1--20251023--00150-velocity--smooth.csv,6_reject
alpss_output_data_set4\C1--20251023--00151-velocity--smooth.csv,6_reject
alpss_output_data_set4\C1--20251023--00152-velocity--smooth.csv,6_reject
alpss_output_data_set4\C1--20251023--00153-velocity--smooth.csv,6_reject
alpss_output_data_set4\C1--20251023--00154-velocity--smooth.csv,6_reject
alpss_output_data_set4\C1--20251023--00155-velocity--smooth.csv,6_reject
alpss_output_data_set4\C1--20251023--00156-velocity--smooth.csv,6_reject
alpss_output_data_set4\C1--20251023--00157-velocity--smooth.csv,6_reject
alpss_output_data_set4\C1--20251023--00158-velocity--smooth.csv,6_reject
alpss_output_data_set4\C1--20251023--00159-velocity--smooth.csv,6_reject
alpss_output_data_set4\C1--20251023--00160-velocity--smooth.csv,6_reject
alpss_output_data_set4\C1--20251023--00161-velocity--smooth.csv,6_reject
alpss_output_data_set4\C1--20251023--00162-velocity--smooth.csv,6_reject
alpss_output_data_set4\C1--20251023--00163-velocity--smooth.csv,6_reject
alpss_output_data_set4\C1--20251023--00165-velocity--smooth.csv,6_reject
alpss_output_data_set4\C1--20251023--00166-velocity--smooth.csv,6_reject
alpss_output_data_set4\C1--20251023--00167-velocity--smooth.csv,6_reject
alpss_output_data_set4\C1--20251023--00168-velocity--smooth.csv,6_reject
alpss_output_data_set4\C1--20251023--00169-velocity--smooth.csv,6_reject
alpss_output_data_set4\C1--20251023--00170-velocity--smooth.csv,6_reject
alpss_output_data_set4\C1--20251023--00171-velocity--smooth.csv,6_reject
alpss_output_data_set4\C1--20251023--00172-velocity--smooth.csv,6_reject
alpss_output_data_set4\C1--20251023--00173-velocity--smooth.csv,6_reject
alpss_output_data_set4\C1--20251023--00174-velocity--smooth.csv,6_reject
alpss_output_data_set4\C1--20251023--00175-velocity--smooth.csv,6_reject
alpss_output_data_set4\C1--20251023--00176-velocity--smooth.csv,6_reject
alpss_output_data_set4\C1--20251023--00177-velocity--smooth.csv,6_reject
alpss_output_data_set4\C1--20251023--00178-velocity--smooth.csv,6_reject
alpss_output_data_set4\C1--20251023--00179-velocity--smooth.csv,6_reject
alpss_output_data_set4\C1--20251023--00180-velocity--smooth.csv,6_reject
alpss_output_data_set4\C1--20251023--00181-velocity--smooth.csv,6_reject
alpss_output_data_set4\C1--20251023--00182-velocity--smooth.csv,6_reject
alpss_output_data_set4\C1--20251023--00183-velocity--smooth.csv,6_reject
alpss_output_data_set4\C1--20251023--00184-velocity--smooth.csv,6_reject
alpss_output_data_set4\C1--20251023--00185-velocity--smooth.csv,6_reject
alpss_output_data_set4\C1--20251023--00186-velocity--smooth.csv,6_reject
alpss_output_data_set4\C1--20251023--00187-velocity--smooth.csv,6_reject
alpss_output_data_set4\C1--20251023--00188-velocity--smooth.csv,6_reject
alpss_output_data_set4\C1--20251023--00189-velocity--smooth.csv,6_reject
alpss_output_data_set4\C1--20251023--00190-velocity--smooth.csv,6_reject
alpss_output_data_set4\C1--20251023--00191-velocity--smooth.csv,6_reject
alpss_output_data_set4\C1--20251023--00192-velocity--smooth.csv,6_reject
alpss_output_data_set4\C1--20251023--00193-velocity--smooth.csv,6_reject
alpss_output_data_set4\C1--20251023--00194-velocity--smooth.csv,6_reject
alpss_output_data_set4\C1--20251023--00195-velocity--smooth.csv,6_reject
alpss_output_data_set4\C1--20251023--00196-velocity--smooth.csv,6_reject
alpss_output_data_set4\C1--20251023--00197-velocity--smooth.csv,6_reject
alpss_output_data_set4\C1--20251023--00198-velocity--smooth.csv,6_reject
alpss_output_data_set4\C1--20251023--00199-velocity--smooth.csv,6_reject
alpss_output_data_set4\C1--20251023--00200-velocity--smooth.csv,6_reject
alpss_output_data_set4\C1--20251023--00201-velocity--smooth.csv,6_reject
alpss_output_data_set4\C1--20251023--00202-velocity--smooth.csv,6_reject
alpss_output_data_set4\C1--20251023--00203-velocity--smooth.csv,6_reject
alpss_output_data_set4\C1--20251023--00204-velocity--smooth.csv,6_reject
alpss_output_data_set4\C1--20251023--00205-velocity--smooth.csv,6_reject
alpss_output_data_set4\C1--20251023--00206-velocity--smooth.csv,6_reject
alpss_output_data_set4\C1--20251023--00207-velocity--smooth.csv,6_reject
alpss_output_data_set4\C1--20251023--00208-velocity--smooth.csv,6_reject
alpss_output_data_set4\C1--20251023--00209-velocity--smooth.csv,6_reject
alpss_output_data_set4\C1--20251023--00210-velocity--smooth.csv,6_reject
alpss_output_data_set4\C1--20251023--00211-velocity--smooth.csv,6_reject
alpss_output_data_set4\C1--20251023--00212-velocity--smooth.csv,6_reject
alpss_output_data_set4\C1--20251023--00213-velocity--smooth.csv,6_reject
alpss_output_data_set4\C1--20251023--00214-velocity--smooth.csv,6_reject
alpss_output_data_set4\C1--20251023--00215-velocity--smooth.csv,6_reject
alpss_output_data_set4\C1--20251023--00216-velocity--smooth.csv,6_reject
alpss_output_data_set4\C1--20251023--00217-velocity--smooth.csv,6_reject
alpss_output_data_set4\C1--20251023--00218-velocity--smooth.csv,6_reject
alpss_output_data_set4\C1--20251023--00219-velocity--smooth.csv,6_reject
alpss_output_data_set4\C1--20251023--00220-velocity--smooth.csv,6_reject
alpss_output_data_set4\C1--20251023--00221-velocity--smooth.csv,6_reject
alpss_output_data_set4\C1--20251023--00222-velocity--smooth.csv,6_reject
alpss_output_data_set4\C1--20251023--00223-velocity--smooth.csv,6_reject
alpss_output_data_set4\C1--20251023--00224-velocity--smooth.csv,6_reject
alpss_output_data_set4\C1--20251023--00225-velocity--smooth.csv,6_reject
alpss_output_data_set4\C1--20251023--00226-velocity--smooth.csv,6_reject
alpss_output_data_set4\C1--20251023--00227-velocity--smooth.csv,6_reject
alpss_output_data_set4\C1--20251023--00228-velocity--smooth.csv,6_reject
alpss_output_data_set4\C1--20251023--00229-velocity--smooth.csv,6_reject
alpss_output_data_set4\C1--20251023--00230-velocity--smooth.csv,6_reject
alpss_output_data_set4\C1--20251023--00231-velocity--smooth.csv,6_reject
alpss_output_data_set4\C1--20251023--00232-velocity--smooth.csv,6_reject
alpss_output_data_set4\C1--20251023--00233-velocity--smooth.csv,6_reject
alpss_output_data_set4\C1--20251023--00234-velocity--smooth.csv,6_reject
alpss_output_data_set4\C1--20251023--00235-velocity--smooth.csv,6_reject
alpss_output_data_set4\C1--20251023--00236-velocity--smooth.csv,6_reject
alpss_output_data_set4\C1--20251023--00237-velocity--smooth.csv,6_reject
alpss_output_data_set4\C1--20251023--00238-velocity--smooth.csv,6_reject
alpss_output_data_set4\C1--20251023--00239-velocity--smooth.csv,6_reject
alpss_output_data_set4\C1--20251023--00240-velocity--smooth.csv,6_reject
alpss_output_data_set4\C1--20251023--00241-velocity--smooth.csv,6_reject
alpss_output_data_set4\C1--20251023--00242-velocity--smooth.csv,6_reject
alpss_output_data_set4\C1--20251023--00243-velocity--smooth.csv,6_reject
alpss_output_data_set4\C1--20251023--00244-velocity--smooth.csv,6_reject
alpss_output_data_set4\C1--20251023--00245-velocity--smooth.csv,6_reject
alpss_output_data_set4\C1--20251023--00246-velocity--smooth.csv,6_reject
alpss_output_data_set4\C1--20251023--00247-velocity--smooth.csv,6_reject
alpss_output_data_set4\C1--20251023--00248-velocity--smooth.csv,6_reject
alpss_output_data_set4\C1--20251023--00249-velocity--smooth.csv,6_reject
alpss_output_data_set4\C1--20251023--00250-velocity--smooth.csv,6_reject
alpss_output_data_set4\C1--20251023--00251-velocity--smooth.csv,6_reject
alpss_output_data_set4\C1--20251023--00252-velocity--smooth.csv,6_reject
alpss_output_data_set4\C1--20251023--00253-velocity--smooth.csv,6_reject
alpss_output_data_set4\C1--20251023--00254-velocity--smooth.csv,6_reject
alpss_output_data_set4\C1--20251023--00255-velocity--smooth.csv,6_reject
alpss_output_data_set4\C1--20251023--00256-velocity--smooth.csv,6_reject
alpss_output_data_set4\C1--20251023--00257-velocity--smooth.csv,6_reject
alpss_output_data_set4\C1--20251023--00258-velocity--smooth.csv,6_reject
alpss_output_data_set4\C1--20251023--00259-velocity--smooth.csv,6_reject
alpss_output_data_set4\C1--20251023--00260-velocity--smooth.csv,6_reject
alpss_output_data_set4\C1--20251023--00261-velocity--smooth.csv,6_reject
alpss_output_data_set4\C1--20251023--00262-velocity--smooth.csv,6_reject
alpss_output_data_set4\C1--20251023--00263-velocity--smooth.csv,6_reject
alpss_output_data_set4\C1--20251023--00264-velocity--smooth.csv,6_reject
alpss_output_data_set4\C1--20251023--00265-velocity--smooth.csv,6_reject
alpss_output_data_set4\C1--20251023--00266-velocity--smooth.csv,6_reject
alpss_output_data_set4\C1--20251023--00267-velocity--smooth.csv,6_reject
alpss_output_data_set4\C1--20251023--00268-velocity--smooth.csv,6_reject
alpss_output_data_set4\C1--20251023--00269-velocity--smooth.csv,6_reject
alpss_output_data_set4\C1--20251023--00270-velocity--smooth.csv,6_reject
alpss_output_data_set4\C1--20251023--00271-velocity--smooth.csv,6_reject
alpss_output_data_set4\C1--20251023--00272-velocity--smooth.csv,6_reject
alpss_output_data_set4\C1--20251023--00273-velocity--smooth.csv,6_reject
alpss_output_data_set4\C1--20251023--00274-velocity--smooth.csv,6_reject
alpss_output_data_set4\C1--20251023--00275-velocity--smooth.csv,6_reject
alpss_output_data_set4\C1--20251023--00276-velocity--smooth.csv,6_reject
alpss_output_data_set4\C1--20251023--00277-velocity--smooth.csv,6_reject
alpss_output_data_set4\C1--20251023--00278-velocity--smooth.csv,6_reject
alpss_output_data_set4\C1--20251023--00279-velocity--smooth.csv,6_reject
alpss_output_data_set4\C1--20251023--00280-velocity--smooth.csv,6_reject
alpss_output_data_set4\C1--20251023--00281-velocity--smooth.csv,6_reject
alpss_output_data_set4\C1--20251023--00282-velocity--smooth.csv,6_reject
alpss_output_data_set4\C1--20251023--00283-velocity--smooth.csv,6_reject
alpss_output_data_set4\C1--20251023--00285-velocity--smooth.csv,6_reject
alpss_output_data_set4\C1--20251023--00286-velocity--smooth.csv,6_reject
alpss_output_data_set4\C1--20251023--00287-velocity--smooth.csv,6_reject
alpss_output_data_set4\C1--20251023--00288-velocity--smooth.csv,6_reject
alpss_output_data_set4\C1--20251023--00289-velocity--smooth.csv,6_reject
alpss_output_data_set4\C1--20251023--00290-velocity--smooth.csv,6_reject
alpss_output_data_set4\C1--20251023--00291-velocity--smooth.csv,6_reject
alpss_output_data_set4\C1--20251023--00292-velocity--smooth.csv,6_reject
alpss_output_data_set4\C1--20251023--00293-velocity--smooth.csv,6_reject
alpss_output_data_set4\C1--20251023--00294-velocity--smooth.csv,6_reject
alpss_output_data_set4\C1--20251023--00295-velocity--smooth.csv,6_reject
alpss_output_data_set4\C1--20251023--00296-velocity--smooth.csv,6_reject
alpss_output_data_set4\C1--20251023--00297-velocity--smooth.csv,6_reject
alpss_output_data_set4\C1--20251023--00298-velocity--smooth.csv,6_reject
alpss_output_data_set4\C1--20251023--00299-velocity--smooth.csv,6_reject
alpss_output_data_set4\C1--20251023--00300-velocity--smooth.csv,6_reject
alpss_output_data_set4\C1--20251023--00301-velocity--smooth.csv,6_reject
alpss_output_data_set4\C1--20251023--00302-velocity--smooth.csv,6_reject
alpss_output_data_set4\C1--20251023--00303-velocity--smooth.csv,6_reject
alpss_output_data_set4\C1--20251023--00304-velocity--smooth.csv,6_reject
alpss_output_data_set4\C1--20251023--00305-velocity--smooth.csv,6_reject
alpss_output_data_set4\C1--20251023--00306-velocity--smooth.csv,6_reject
alpss_output_data_set4\C1--20251023--00307-velocity--smooth.csv,6_reject
alpss_output_data_set4\C1--20251023--00308-velocity--smooth.csv,6_reject
alpss_output_data_set4\C1--20251023--00309-velocity--smooth.csv,6_reject
alpss_output_data_set4\C1--20251023--00310-velocity--smooth.csv,6_reject
alpss_output_data_set4\C1--20251023--00311-velocity--smooth.csv,6_reject
alpss_output_data_set4\C1--20251023--00312-velocity--smooth.csv,6_reject
alpss_output_data_set4\C1--20251023--00313-velocity--smooth.csv,6_reject
alpss_output_data_set4\C1--20251023--00314-velocity--smooth.csv,6_reject
alpss_output_data_set4\C1--20251023--00315-velocity--smooth.csv,6_reject
alpss_output_data_set4\C1--20251023--00316-velocity--smooth.csv,6_reject
alpss_output_data_set4\C1--20251023--00317-velocity--smooth.csv,6_reject
alpss_output_data_set4\C1--20251023--00318-velocity--smooth.csv,6_reject
alpss_output_data_set4\C1--20251023--00319-velocity--smooth.csv,6_reject
alpss_output_data_set4\C1--20251023--00320-velocity--smooth.csv,6_reject
alpss_output_data_set4\C1--20251023--00321-velocity--smooth.csv,6_reject
alpss_output_data_set4\C1--20251023--00322-velocity--smooth.csv,6_reject
alpss_output_data_set4\C1--20251023--00323-velocity--smooth.csv,6_reject
alpss_output_data_set4\C1--20251023--00324-velocity--smooth.csv,5_no_features
alpss_output_data_set4\C1--20251023--00325-velocity--smooth.csv,6_reject
alpss_output_data_set4\C1--20251023--00326-velocity--smooth.csv,6_reject
alpss_output_data_set4\C1--20251023--00327-velocity--smooth.csv,6_reject
alpss_output_data_set4\C1--20251023--00328-velocity--smooth.csv,6_reject
alpss_output_data_set4\C1--20251023--00329-velocity--smooth.csv,6_reject
alpss_output_data_set4\C1--20251023--00330-velocity--smooth.csv,6_reject
alpss_output_data_set4\C1--20251023--00331-velocity--smooth.csv,6_reject
alpss_output_data_set4\C1--20251023--00332-velocity--smooth.csv,6_reject
alpss_output_data_set4\C1--20251023--00333-velocity--smooth.csv,6_reject
alpss_output_data_set4\C1--20251023--00334-velocity--smooth.csv,6_reject
alpss_output_data_set4\C1--20251023--00335-velocity--smooth.csv,6_reject
alpss_output_data_set4\C1--20251023--00336-velocity--smooth.csv,6_reject
alpss_output_data_set4\C1--20251023--00337-velocity--smooth.csv,6_reject
alpss_output_data_set4\C1--20251023--00338-velocity--smooth.csv,6_reject
alpss_output_data_set4\C1--20251023--00339-velocity--smooth.csv,6_reject
alpss_output_data_set4\C1--20251023--00340-velocity--smooth.csv,6_reject
alpss_output_data_set4\C1--20251023--00341-velocity--smooth.csv,6_reject
alpss_output_data_set4\C1--20251023--00342-velocity--smooth.csv,6_reject
alpss_output_data_set4\C1--20251023--00343-velocity--smooth.csv,6_reject
alpss_output_data_set4\C1--20251023--00344-velocity--smooth.csv,6_reject
alpss_output_data_set4\C1--20251023--00345-velocity--smooth.csv,6_reject
alpss_output_data_set4\C1--20251023--00346-velocity--smooth.csv,6_reject
alpss_output_data_set4\C1--20251023--00347-velocity--smooth.csv,6_reject
alpss_output_data_set4\C1--20251023--00348-velocity--smooth.csv,6_reject
alpss_output_data_set4\C1--20251023--00349-velocity--smooth.csv,6_reject
alpss_output_data_set4\C1--20251023--00350-velocity--smooth.csv,6_reject
alpss_output_data_set4\C1--20251023--00351-velocity--smooth.csv,6_reject
alpss_output_data_set4\C1--20251023--00352-velocity--smooth.csv,6_reject
alpss_output_data_set4\C1--20251023--00353-velocity--smooth.csv,6_reject
alpss_output_data_set4\C1--20251023--00354-velocity--smooth.csv,6_reject
alpss_output_data_set4\C1--20251023--00355-velocity--smooth.csv,6_reject
alpss_output_data_set4\C1--20251023--00356-velocity--smooth.csv,6_reject
alpss_output_data_set4\C1--20251023--00357-velocity--smooth.csv,6_reject
alpss_output_data_set4\C1--20251023--00358-velocity--smooth.csv,6_reject
alpss_output_data_set4\C1--20251023--00359-velocity--smooth.csv,6_reject
alpss_output_data_set4\C1--20251023--00360-velocity--smooth.csv,6_reject
alpss_output_data_set4\C1--20251023--00361-velocity--smooth.csv,6_reject
alpss_output_data_set4\C1--20251023--00362-velocity--smooth.csv,6_reject
alpss_output_data_set4\C1--20251023--00363-velocity--smooth.csv,6_reject
alpss_output_data_set4\C1--20251023--00364-velocity--smooth.csv,6_reject
alpss_output_data_set4\C1--20251023--00365-velocity--smooth.csv,6_reject
alpss_output_data_set4\C1--20251023--00366-velocity--smooth.csv,6_reject
alpss_output_data_set4\C1--20251023--00367-velocity--smooth.csv,6_reject
alpss_output_data_set4\C1--20251023--00368-velocity--smooth.csv,6_reject
alpss_output_data_set4\C1--20251023--00369-velocity--smooth.csv,6_reject
alpss_output_data_set4\C1--20251023--00370-velocity--smooth.csv,6_reject
alpss_output_data_set4\C1--20251023--00371-velocity--smooth.csv,6_reject
alpss_output_data_set3\Cu_2026-05-11_17-29-19_shot01_ch1-velocity--smooth.csv,6_reject
alpss_output_data_set3\Cu_2026-05-11_17-29-28_shot02_ch1-velocity--smooth.csv,6_reject
alpss_output_data_set3\Cu_2026-05-11_17-32-24_shot01_ch1-velocity--smooth.csv,2_contains_spall
alpss_output_data_set3\Cu_2026-05-11_17-32-39_shot02_ch1-velocity--smooth.csv,6_reject
alpss_output_data_set3\Cu_2026-05-11_17-32-56_shot03_ch1-velocity--smooth.csv,2_contains_spall
alpss_output_data_set3\JHAMAA00004_2026-05-27_15-48-10_shot01_ch1-velocity--smooth.csv,4_velocity_shot
alpss_output_data_set3\JHAMAA00004_2026-05-27_15-48-31_shot03_ch1-velocity--smooth.csv,4_velocity_shot
alpss_output_data_set3\JHAMAA00004_2026-05-27_15-50-55_shot01_ch1-velocity--smooth.csv,4_velocity_shot
alpss_output_data_set3\JHAMAA00004_2026-05-27_15-51-06_shot02_ch1-velocity--smooth.csv,4_velocity_shot
alpss_output_data_set3\JHAMAA00004_2026-05-27_15-59-23_shot01_ch1-velocity--smooth.csv,4_velocity_shot
alpss_output_data_set3\JHAMAA00004_2026-05-27_15-59-40_shot02_ch1-velocity--smooth.csv,4_velocity_shot
alpss_output_data_set3\JHAMAA00004_2026-05-27_15-59-51_shot03_ch1-velocity--smooth.csv,4_velocity_shot
alpss_output_data_set3\JHAMAA00004_2026-05-27_16-00-01_shot04_ch1-velocity--smooth.csv,4_velocity_shot
alpss_output_data_set3\JHAMAA00004_2026-05-27_16-00-13_shot05_ch1-velocity--smooth.csv,4_velocity_shot
alpss_output_data_set3\JHAMAA00004_2026-05-27_16-00-24_shot06_ch1-velocity--smooth.csv,4_velocity_shot
alpss_output_data_set3\JHAMAA00004_2026-05-27_16-00-35_shot07_ch1-velocity--smooth.csv,4_velocity_shot
alpss_output_data_set3\JHAMAA00004_2026-05-27_16-00-53_shot08_ch1-velocity--smooth.csv,4_velocity_shot
alpss_output_data_set3\JHAMAA00004_2026-05-27_16-01-00_shot09_ch1-velocity--smooth.csv,4_velocity_shot
alpss_output_data_set3\JHAMAA00004_2026-05-27_16-01-22_shot10_ch1-velocity--smooth.csv,4_velocity_shot
alpss_output_data_set3\JHAMAA00004_2026-05-27_16-01-31_shot11_ch1-velocity--smooth.csv,4_velocity_shot
alpss_output_data_set3\JHAMAA00004_2026-05-27_16-01-40_shot12_ch1-velocity--smooth.csv,4_velocity_shot
alpss_output_data_set3\JHAMAA00004_2026-05-27_16-01-49_shot13_ch1-velocity--smooth.csv,4_velocity_shot
alpss_output_data_set3\JHAMAA00004_2026-05-27_16-01-58_shot14_ch1-velocity--smooth.csv,4_velocity_shot
alpss_output_data_set3\JHAMAA00004_2026-05-27_16-02-08_shot15_ch1-velocity--smooth.csv,4_velocity_shot
alpss_output_data_set3\JHAMAA00004_2026-05-27_16-02-17_shot16_ch1-velocity--smooth.csv,4_velocity_shot
alpss_output_data_set3\JHAMAA00004_2026-05-27_16-02-27_shot17_ch1-velocity--smooth.csv,4_velocity_shot
alpss_output_data_set3\JHAMAA00004_2026-05-27_16-11-23_shot01_ch1-velocity--smooth.csv,4_velocity_shot
alpss_output_data_set3\JHAMAA00004_2026-05-27_16-11-34_shot02_ch1-velocity--smooth.csv,4_velocity_shot
alpss_output_data_set3\JHAMAA00004_2026-05-27_16-11-44_shot03_ch1-velocity--smooth.csv,4_velocity_shot
alpss_output_data_set3\JHAMAA00004_2026-05-27_16-11-55_shot04_ch1-velocity--smooth.csv,4_velocity_shot
alpss_output_data_set3\JHAMAA00004_2026-05-27_16-12-06_shot05_ch1-velocity--smooth.csv,4_velocity_shot
alpss_output_data_set3\JHAMAA00004_2026-05-27_16-12-17_shot06_ch1-velocity--smooth.csv,4_velocity_shot
alpss_output_data_set3\JHAMAA00004_2026-05-27_16-12-28_shot07_ch1-velocity--smooth.csv,4_velocity_shot
alpss_output_data_set3\JHAMAA00004_2026-05-27_16-12-39_shot08_ch1-velocity--smooth.csv,4_velocity_shot
alpss_output_data_set3\JHAMAA00004_2026-05-27_16-12-47_shot09_ch1-velocity--smooth.csv,4_velocity_shot
alpss_output_data_set3\JHAMAA00004_2026-05-27_16-12-55_shot10_ch1-velocity--smooth.csv,4_velocity_shot
alpss_output_data_set3\JHAMAA00004_2026-05-27_16-13-04_shot11_ch1-velocity--smooth.csv,4_velocity_shot
alpss_output_data_set3\JHAMAA00004_2026-05-27_16-13-13_shot12_ch1-velocity--smooth.csv,4_velocity_shot
alpss_output_data_set3\JHAMAA00004_2026-05-27_16-13-22_shot13_ch1-velocity--smooth.csv,4_velocity_shot
alpss_output_data_set3\JHAMAA00004_2026-05-27_16-13-31_shot14_ch1-velocity--smooth.csv,4_velocity_shot
alpss_output_data_set3\JHAMAA00004_2026-05-27_16-13-41_shot15_ch1-velocity--smooth.csv,4_velocity_shot
alpss_output_data_set3\JHAMAA00004_2026-05-27_16-13-51_shot16_ch1-velocity--smooth.csv,4_velocity_shot
alpss_output_data_set3\JHAMAA00004_2026-05-27_16-14-01_shot17_ch1-velocity--smooth.csv,4_velocity_shot
alpss_output_data_set3\JHAMAA00004_2026-05-27_16-14-11_shot18_ch1-velocity--smooth.csv,4_velocity_shot
alpss_output_data_set3\JHAMAA00004_2026-05-27_16-14-21_shot19_ch1-velocity--smooth.csv,4_velocity_shot
alpss_output_data_set3\JHAMAA00004_2026-05-27_16-14-31_shot20_ch1-velocity--smooth.csv,4_velocity_shot
alpss_output_data_set3\JHAMAA00004_2026-05-27_16-14-41_shot21_ch1-velocity--smooth.csv,4_velocity_shot
alpss_output_data_set3\JHAMAA00004_2026-05-27_16-14-52_shot22_ch1-velocity--smooth.csv,4_velocity_shot
alpss_output_data_set3\JHAMAA00004_2026-05-27_16-15-02_shot23_ch1-velocity--smooth.csv,4_velocity_shot
alpss_output_data_set3\JHAMAA00004_2026-05-27_16-15-13_shot24_ch1-velocity--smooth.csv,4_velocity_shot
alpss_output_data_set3\JHAMAA00004_2026-05-27_16-15-24_shot25_ch1-velocity--smooth.csv,6_reject
alpss_output_data_set3\JHAMAC00003-S3R4C2_2026-05-27_17-58-22_shot02_ch1-velocity--smooth.csv,6_reject
alpss_output_data_set3\JHAMAC00003-S3R4C2_2026-05-27_17-58-33_shot03_ch1-velocity--smooth.csv,6_reject
alpss_output_data_set3\JHAMAC00003-S3R4C2_2026-05-27_17-58-42_shot04_ch1-velocity--smooth.csv,6_reject
alpss_output_data_set3\JHAMAC00003-S3R4C2_2026-05-27_17-58-50_shot05_ch1-velocity--smooth.csv,6_reject
alpss_output_data_set3\JHAMAC00003-S3R4C2_2026-05-27_17-59-01_shot06_ch1-velocity--smooth.csv,6_reject
alpss_output_data_set3\JHAMAC00003-S3R4C2_2026-05-27_17-59-10_shot07_ch1-velocity--smooth.csv,6_reject
alpss_output_data_set3\JHAMAC00003-S3R4C2_2026-05-27_17-59-21_shot08_ch1-velocity--smooth.csv,6_reject
alpss_output_data_set3\JHAMAC00003-S3R4C2_2026-05-27_17-59-30_shot09_ch1-velocity--smooth.csv,6_reject
alpss_output_data_set3\JHAMAC00003-S3R4C2_2026-05-27_17-59-36_shot10_ch1-velocity--smooth.csv,6_reject
alpss_output_data_set3\JHAMAC00003-S3R4C2_2026-05-27_17-59-48_shot11_ch1-velocity--smooth.csv,6_reject
alpss_output_data_set3\JHAMAC00003-S3R4C2_2026-05-27_17-59-57_shot12_ch1-velocity--smooth.csv,6_reject
alpss_output_data_set3\JHAMAC00003-S3R4C2_2026-05-27_18-00-09_shot13_ch1-velocity--smooth.csv,6_reject
alpss_output_data_set3\JHAMAC00003-S3R4C2_2026-05-27_18-00-17_shot14_ch1-velocity--smooth.csv,6_reject
alpss_output_data_set3\JHAMAC00003-S3R4C2_2026-05-27_18-00-31_shot15_ch1-velocity--smooth.csv,6_reject
alpss_output_data_set3\JHAMAC00003-S3R4C2_2026-05-27_18-00-56_shot16_ch1-velocity--smooth.csv,6_reject
alpss_output_data_set3\JHAMAC00003-S3R4C2_2026-05-27_18-01-04_shot17_ch1-velocity--smooth.csv,6_reject
alpss_output_data_set3\JHAMAC00003-S3R4C2_2026-05-27_18-01-14_shot18_ch1-velocity--smooth.csv,6_reject
alpss_output_data_set3\JHAMAC00003-S3R4C2_2026-05-27_18-01-22_shot19_ch1-velocity--smooth.csv,6_reject
alpss_output_data_set3\JHAMAC00003-S3R4C2_2026-05-27_18-01-31_shot20_ch1-velocity--smooth.csv,6_reject
alpss_output_data_set3\JHAMAC00003-S3R5C2_2026-05-27_18-06-25_shot01_ch1-velocity--smooth.csv,6_reject
alpss_output_data_set3\JHAMAC00003-S3R5C2_2026-05-27_18-06-33_shot02_ch1-velocity--smooth.csv,6_reject
alpss_output_data_set3\JHAMAC00003-S3R5C2_2026-05-27_18-06-44_shot03_ch1-velocity--smooth.csv,6_reject
alpss_output_data_set3\JHAMAC00003-S3R5C2_2026-05-27_18-06-53_shot04_ch1-velocity--smooth.csv,5_no_features
alpss_output_data_set3\JHAMAC00003-S3R5C2_2026-05-27_18-07-02_shot05_ch1-velocity--smooth.csv,6_reject
alpss_output_data_set3\JHAMAC00003-S3R5C2_2026-05-27_18-07-13_shot06_ch1-velocity--smooth.csv,6_reject
alpss_output_data_set3\JHAMAC00003-S3R5C2_2026-05-27_18-07-22_shot07_ch1-velocity--smooth.csv,6_reject
alpss_output_data_set3\JHAMAC00003-S3R5C2_2026-05-27_18-07-49_shot08_ch1-velocity--smooth.csv,6_reject
alpss_output_data_set3\JHAMAC00003-S3R5C2_2026-05-27_18-07-54_shot09_ch1-velocity--smooth.csv,6_reject
alpss_output_data_set3\JHAMAC00003-S3R5C2_2026-05-27_18-08-03_shot10_ch1-velocity--smooth.csv,6_reject
alpss_output_data_set3\JHAMAC00003-S3R5C2_2026-05-27_18-08-14_shot11_ch1-velocity--smooth.csv,6_reject
alpss_output_data_set3\JHAMAC00003-S3R5C2_2026-05-27_18-08-23_shot12_ch1-velocity--smooth.csv,6_reject
alpss_output_data_set3\JHAMAC00003-S3R5C2_2026-05-27_18-08-37_shot13_ch1-velocity--smooth.csv,6_reject
alpss_output_data_set3\JHAMAC00003-S3R5C2_2026-05-27_18-08-44_shot14_ch1-velocity--smooth.csv,6_reject
alpss_output_data_set3\JHAMAC00003-S3R5C2_2026-05-27_18-08-52_shot15_ch1-velocity--smooth.csv,6_reject
alpss_output_data_set3\JHAMAC00003-S3R5C2_2026-05-27_18-09-21_shot16_ch1-velocity--smooth.csv,6_reject
alpss_output_data_set3\JHAMAC00003-S3R6C2_2026-05-27_18-19-58_shot01_ch1-velocity--smooth.csv,6_reject
alpss_output_data_set3\JHAMAC00003-S3R6C2_2026-05-27_18-20-49_shot03_ch1-velocity--smooth.csv,6_reject
alpss_output_data_set3\JHAMAC00003-S3R6C2_2026-05-27_18-20-58_shot04_ch1-velocity--smooth.csv,5_no_features
alpss_output_data_set3\JHAMAC00003-S3R6C2_2026-05-27_18-21-20_shot05_ch1-velocity--smooth.csv,5_no_features
alpss_output_data_set3\JHAMAC00003-S3R6C2_2026-05-27_18-21-40_shot06_ch1-velocity--smooth.csv,6_reject
alpss_output_data_set3\JHAMAC00003-S3R6C2_2026-05-27_18-21-49_shot07_ch1-velocity--smooth.csv,5_no_features
alpss_output_data_set3\JHAMAC00003-S3R6C2_2026-05-27_18-22-01_shot08_ch1-velocity--smooth.csv,5_no_features
alpss_output_data_set3\JHAMAC00003-S3R6C2_2026-05-27_18-22-11_shot09_ch1-velocity--smooth.csv,5_no_features
alpss_output_data_set3\JHAMAC00003-S3R6C2_2026-05-27_18-22-19_shot10_ch1-velocity--smooth.csv,5_no_features
alpss_output_data_set3\JHAMAC00003-S8R4C3_2026-05-22_15-41-09_shot01_ch1-velocity--smooth.csv,6_reject
alpss_output_data_set3\JHAMAC00003-S8R4C3_2026-05-22_15-41-18_shot02_ch1-velocity--smooth.csv,6_reject
alpss_output_data_set3\JHAMAC00003-S8R4C3_2026-05-22_15-41-52_shot03_ch1-velocity--smooth.csv,6_reject
alpss_output_data_set3\JHAMAC00003-S8R4C3_2026-05-22_15-42-01_shot04_ch1-velocity--smooth.csv,6_reject
alpss_output_data_set3\JHAMAC00003-S8R4C3_2026-05-22_15-42-11_shot05_ch1-velocity--smooth.csv,6_reject
alpss_output_data_set3\JHAMAC00003-S8R4C3_2026-05-22_15-43-00_shot09_ch1-velocity--smooth.csv,6_reject
alpss_output_data_set3\JHAMAC00003-S8R4C3_2026-05-27_00-54-14_shot01_ch1-velocity--smooth.csv,2_contains_spall
alpss_output_data_set3\JHAMAC00003-S8R4C3_2026-05-27_00-54-27_shot02_ch1-velocity--smooth.csv,5_no_features
alpss_output_data_set3\JHAMAC00003-S8R4C3_2026-05-27_00-54-44_shot03_ch1-velocity--smooth.csv,6_reject
alpss_output_data_set3\JHAMAC00003-S8R4C3_2026-05-27_00-54-53_shot04_ch1-velocity--smooth.csv,6_reject
alpss_output_data_set3\JHAMAC00003-S8R4C3_2026-05-27_00-55-11_shot05_ch1-velocity--smooth.csv,5_no_features
alpss_output_data_set3\JHAMAC00003-S8R5C3_2026-05-22_15-48-07_shot01_ch1-velocity--smooth.csv,5_no_features
alpss_output_data_set3\JHAMAC00003-S8R5C3_2026-05-22_15-48-16_shot02_ch1-velocity--smooth.csv,5_no_features
alpss_output_data_set3\JHAMAC00003-S8R5C3_2026-05-22_15-48-34_shot03_ch1-velocity--smooth.csv,5_no_features
alpss_output_data_set3\JHAMAC00003-S8R5C3_2026-05-22_15-48-58_shot04_ch1-velocity--smooth.csv,5_no_features
alpss_output_data_set3\JHAMAC00003-S8R5C3_2026-05-22_15-49-07_shot05_ch1-velocity--smooth.csv,5_no_features
alpss_output_data_set3\JHAMAC00003-S8R5C3_2026-05-22_15-49-17_shot06_ch1-velocity--smooth.csv,6_reject
alpss_output_data_set3\JHAMAC00003-S8R5C3_2026-05-22_15-49-46_shot07_ch1-velocity--smooth.csv,6_reject
alpss_output_data_set3\JHAMAC00003-S8R5C3_2026-05-22_15-49-56_shot08_ch1-velocity--smooth.csv,5_no_features
alpss_output_data_set3\JHAMAC00003-S8R5C3_2026-05-22_15-50-02_shot09_ch1-velocity--smooth.csv,5_no_features
alpss_output_data_set3\JHAMAC00003-S8R5C3_2026-05-22_15-50-18_shot10_ch1-velocity--smooth.csv,5_no_features
alpss_output_data_set3\JHAMAC00003-S8R5C3_2026-05-22_15-50-25_shot11_ch1-velocity--smooth.csv,5_no_features
alpss_output_data_set3\JHAMAC00003-S8R5C3_2026-05-22_15-50-33_shot12_ch1-velocity--smooth.csv,5_no_features
alpss_output_data_set3\JHAMAC00003-S8R5C3_2026-05-22_15-50-47_shot13_ch1-velocity--smooth.csv,6_reject
alpss_output_data_set3\JHAMAC00003-S8R5C3_2026-05-27_01-07-42_shot01_ch1-velocity--smooth.csv,5_no_features
alpss_output_data_set3\JHAMAC00003-S8R5C3_2026-05-27_01-07-50_shot02_ch1-velocity--smooth.csv,6_reject
alpss_output_data_set3\JHAMAC00003-S8R5C3_2026-05-27_01-07-59_shot03_ch1-velocity--smooth.csv,5_no_features
alpss_output_data_set3\JHAMAC00003-S8R5C3_2026-05-27_01-08-07_shot04_ch1-velocity--smooth.csv,6_reject
alpss_output_data_set3\JHAMAC00003-S8R5C3_2026-05-27_01-08-39_shot05_ch1-velocity--smooth.csv,6_reject
alpss_output_data_set3\JHAMAL00004-03_2026-05-28_15-20-47_shot01_ch1-velocity--smooth.csv,6_reject
alpss_output_data_set3\JHAMAL00004-03_2026-05-28_15-20-57_shot02_ch1-velocity--smooth.csv,1_contains_hel
alpss_output_data_set3\JHAMAL00004-03_2026-05-28_15-21-08_shot03_ch1-velocity--smooth.csv,1_contains_hel
alpss_output_data_set3\JHAMAL00004-03_2026-05-28_15-21-19_shot04_ch1-velocity--smooth.csv,1_contains_hel
alpss_output_data_set3\JHAMAL00004-03_2026-05-28_15-21-30_shot05_ch1-velocity--smooth.csv,1_contains_hel
alpss_output_data_set3\JHAMAL00004-03_2026-05-28_15-21-41_shot06_ch1-velocity--smooth.csv,6_reject
alpss_output_data_set3\JHAMAL00004-03_2026-05-28_15-21-52_shot07_ch1-velocity--smooth.csv,1_contains_hel
alpss_output_data_set3\JHAMAL00004-03_2026-05-28_15-22-03_shot08_ch1-velocity--smooth.csv,1_contains_hel
alpss_output_data_set3\JHAMAL00004-03_2026-05-28_15-22-14_shot09_ch1-velocity--smooth.csv,1_contains_hel
alpss_output_data_set3\JHAMAL00004-03_2026-05-28_15-22-25_shot10_ch1-velocity--smooth.csv,1_contains_hel
alpss_output_data_set3\JHAMAL00004-03_2026-05-28_15-22-33_shot11_ch1-velocity--smooth.csv,1_contains_hel
alpss_output_data_set3\JHAMAL00004-03_2026-05-28_15-22-41_shot12_ch1-velocity--smooth.csv,1_contains_hel
alpss_output_data_set3\JHAMAL00004-03_2026-05-28_15-22-57_shot13_ch1-velocity--smooth.csv,1_contains_hel
alpss_output_data_set3\JHAMAL00004-03_2026-05-28_15-23-19_shot14_ch1-velocity--smooth.csv,1_contains_hel
alpss_output_data_set3\JHAMAL00004-03_2026-05-28_15-23-27_shot15_ch1-velocity--smooth.csv,1_contains_hel
alpss_output_data_set3\JHAMAL00004-03_2026-05-28_15-23-37_shot16_ch1-velocity--smooth.csv,1_contains_hel
alpss_output_data_set3\JHAMAL00004-03_2026-05-28_15-23-46_shot17_ch1-velocity--smooth.csv,1_contains_hel
alpss_output_data_set3\JHAMAL00004-03_2026-05-28_15-23-55_shot18_ch1-velocity--smooth.csv,1_contains_hel
alpss_output_data_set3\JHAMAL00004-03_2026-05-28_15-24-05_shot19_ch1-velocity--smooth.csv,1_contains_hel
alpss_output_data_set3\JHAMAL00004-03_2026-05-28_15-24-14_shot20_ch1-velocity--smooth.csv,1_contains_hel
alpss_output_data_set3\JHAMAL00004-03_2026-05-28_15-24-24_shot21_ch1-velocity--smooth.csv,1_contains_hel
alpss_output_data_set3\JHAMAL00004-03_2026-05-28_15-24-34_shot22_ch1-velocity--smooth.csv,1_contains_hel
alpss_output_data_set3\JHAMAL00004-09_2026-05-28_17-00-46_shot01_ch1-velocity--smooth.csv,6_reject
alpss_output_data_set3\JHAMAL00004-09_2026-05-28_17-00-56_shot02_ch1-velocity--smooth.csv,6_reject
alpss_output_data_set3\JHAMAL00004-09_2026-05-28_17-01-06_shot03_ch1-velocity--smooth.csv,6_reject
alpss_output_data_set3\JHAMAL00004-09_2026-05-28_17-01-17_shot04_ch1-velocity--smooth.csv,6_reject
alpss_output_data_set3\JHAMAL00004-09_2026-05-28_17-01-28_shot05_ch1-velocity--smooth.csv,6_reject
alpss_output_data_set3\JHAMAL00004-09_2026-05-28_17-01-40_shot06_ch1-velocity--smooth.csv,6_reject
alpss_output_data_set3\JHAMAL00004-09_2026-05-28_17-01-51_shot07_ch1-velocity--smooth.csv,6_reject
alpss_output_data_set3\JHAMAL00004-09_2026-05-28_17-02-02_shot08_ch1-velocity--smooth.csv,6_reject
alpss_output_data_set3\JHAMAL00004-09_2026-05-28_17-02-13_shot09_ch1-velocity--smooth.csv,6_reject
alpss_output_data_set3\JHAMAL00004-09_2026-05-28_17-02-25_shot10_ch1-velocity--smooth.csv,6_reject
alpss_output_data_set3\JHAMAL00004-09_2026-05-28_17-02-37_shot11_ch1-velocity--smooth.csv,6_reject
alpss_output_data_set3\JHAMAL00004-09_2026-05-28_17-02-49_shot12_ch1-velocity--smooth.csv,6_reject
alpss_output_data_set3\JHAMAL00004-09_2026-05-28_17-03-01_shot13_ch1-velocity--smooth.csv,6_reject
alpss_output_data_set3\JHAMAL00004-09_2026-05-28_17-03-13_shot14_ch1-velocity--smooth.csv,6_reject
alpss_output_data_set3\JHAMAL00004-09_2026-05-28_17-03-26_shot15_ch1-velocity--smooth.csv,6_reject
alpss_output_data_set3\JHAMAL00004-09_2026-05-28_17-03-38_shot16_ch1-velocity--smooth.csv,6_reject
alpss_output_data_set3\JHAMAL00004-09_2026-05-28_17-03-51_shot17_ch1-velocity--smooth.csv,6_reject
alpss_output_data_set3\JHAMAL00004-09_2026-05-28_17-04-10_shot18_ch1-velocity--smooth.csv,6_reject
alpss_output_data_set3\JHAMAL00004-09_2026-05-28_17-04-23_shot19_ch1-velocity--smooth.csv,1_contains_hel
alpss_output_data_set3\JHAMAL00004-09_2026-05-28_17-04-36_shot20_ch1-velocity--smooth.csv,6_reject
alpss_output_data_set3\JHAMAL00004-09_2026-05-28_17-04-49_shot21_ch1-velocity--smooth.csv,6_reject
alpss_output_data_set3\JHAMAL00004-09_2026-05-28_17-05-02_shot22_ch1-velocity--smooth.csv,6_reject
alpss_output_data_set3\JHAMAL00004-09_2026-05-28_17-05-17_shot23_ch1-velocity--smooth.csv,6_reject
alpss_output_data_set3\JHAMAL00004-09_2026-05-28_17-05-30_shot24_ch1-velocity--smooth.csv,6_reject
alpss_output_data_set3\JHAMAL00016-007_69d3f8af8daaca38a7aa7f73_3_901_2026-04-16_16-52-09_shot19_ch1-velocity--smooth.csv,1_contains_hel
alpss_output_data_set3\JHAMAL00016-007_69d3f8af8daaca38a7aa7f73_3_901_2026-04-16_16-52-22_shot20_ch1-velocity--smooth.csv,3_contains_spall_and_hel
alpss_output_data_set3\JHAMAL00016-007_69d3f8af8daaca38a7aa7f73_3_901_2026-04-16_16-52-50_shot22_ch1-velocity--smooth.csv,6_reject
alpss_output_data_set3\JHAMAL00016-007_69d3f8af8daaca38a7aa7f73_3_901_2026-04-16_16-53-04_shot23_ch1-velocity--smooth.csv,6_reject
alpss_output_data_set3\JHAMAL00016-007_69d3f8af8daaca38a7aa7f73_3_901_2026-04-16_16-53-17_shot24_ch1-velocity--smooth.csv,1_contains_hel
alpss_output_data_set3\JHBMAB00003-S2R2C3_2026-05-28_18-36-16_shot01_ch1-velocity--smooth.csv,6_reject
alpss_output_data_set3\JHBMAB00003-S2R2C3_2026-05-28_18-36-25_shot02_ch1-velocity--smooth.csv,6_reject
alpss_output_data_set3\JHBMAB00003-S2R2C3_2026-05-28_18-36-36_shot03_ch1-velocity--smooth.csv,2_contains_spall
alpss_output_data_set3\JHBMAB00003-S2R2C3_2026-05-28_18-36-46_shot04_ch1-velocity--smooth.csv,2_contains_spall
alpss_output_data_set3\JHBMAB00003-S2R2C3_2026-05-28_18-36-56_shot05_ch1-velocity--smooth.csv,6_reject
alpss_output_data_set3\JHBMAB00003-S2R2C3_2026-05-28_18-37-08_shot06_ch1-velocity--smooth.csv,6_reject
alpss_output_data_set3\JHBMAB00003-S2R2C3_2026-05-28_18-37-18_shot07_ch1-velocity--smooth.csv,6_reject
alpss_output_data_set3\JHBMAB00003-S2R2C3_2026-05-28_18-37-29_shot08_ch1-velocity--smooth.csv,6_reject
alpss_output_data_set3\JHBMAB00003-S2R2C3_2026-05-28_18-37-41_shot09_ch1-velocity--smooth.csv,6_reject
alpss_output_data_set3\JHBMAB00003-S2R2C3_2026-05-28_18-37-52_shot10_ch1-velocity--smooth.csv,2_contains_spall
alpss_output_data_set3\JHBMAB00003-S2R2C3_2026-05-28_18-38-03_shot11_ch1-velocity--smooth.csv,6_reject
alpss_output_data_set3\JHBMAB00003-S2R2C3_2026-05-28_18-38-16_shot12_ch1-velocity--smooth.csv,6_reject
alpss_output_data_set3\JHBMAB00003-S2R2C3_2026-05-28_18-38-28_shot13_ch1-velocity--smooth.csv,6_reject
alpss_output_data_set3\JHBMAB00003-S2R2C3_2026-05-28_18-38-39_shot14_ch1-velocity--smooth.csv,6_reject
alpss_output_data_set3\JHBMAB00003-S2R2C3_2026-05-28_18-38-53_shot15_ch1-velocity--smooth.csv,6_reject
alpss_output_data_set3\JHBMAB00003-S2R2C3_2026-05-28_18-39-05_shot16_ch1-velocity--smooth.csv,2_contains_spall
alpss_output_data_set3\JHBMAB00003-S2R2C3_2026-05-28_18-39-17_shot17_ch1-velocity--smooth.csv,6_reject
alpss_output_data_set3\JHBMAB00003-S2R2C3_2026-05-28_18-39-31_shot18_ch1-velocity--smooth.csv,6_reject
alpss_output_data_set3\JHBMAB00003-S2R2C3_2026-05-28_18-39-43_shot19_ch1-velocity--smooth.csv,2_contains_spall
alpss_output_data_set3\JHBMAB00003-S2R2C3_2026-05-28_18-39-56_shot20_ch1-velocity--smooth.csv,6_reject
alpss_output_data_set3\JHBMAB00003-S2R2C3_2026-05-28_18-40-10_shot21_ch1-velocity--smooth.csv,6_reject
alpss_output_data_set3\JHBMAB00003-S2R2C3_2026-05-28_18-40-24_shot22_ch1-velocity--smooth.csv,6_reject
alpss_output_data_set3\JHBMAB00003-S2R2C3_2026-05-28_18-40-37_shot23_ch1-velocity--smooth.csv,6_reject
alpss_output_data_set3\JHBMAB00003-S2R5C3_2026-05-28_18-17-25_shot01_ch1-velocity--smooth.csv,6_reject
alpss_output_data_set3\JHBMAB00003-S2R5C3_2026-05-28_18-17-34_shot02_ch1-velocity--smooth.csv,6_reject
alpss_output_data_set3\JHBMAB00003-S2R5C3_2026-05-28_18-17-44_shot03_ch1-velocity--smooth.csv,6_reject
alpss_output_data_set3\JHBMAB00003-S2R5C3_2026-05-28_18-17-55_shot04_ch1-velocity--smooth.csv,2_contains_spall
alpss_output_data_set3\JHBMAB00003-S2R5C3_2026-05-28_18-18-06_shot05_ch1-velocity--smooth.csv,6_reject
alpss_output_data_set3\JHBMAB00003-S2R5C3_2026-05-28_18-18-16_shot06_ch1-velocity--smooth.csv,6_reject
alpss_output_data_set3\JHBMAB00003-S2R5C3_2026-05-28_18-18-27_shot07_ch1-velocity--smooth.csv,5_no_features
alpss_output_data_set3\JHBMAB00003-S2R5C3_2026-05-28_18-18-38_shot08_ch1-velocity--smooth.csv,6_reject
alpss_output_data_set3\JHBMAB00003-S2R5C3_2026-05-28_18-18-49_shot09_ch1-velocity--smooth.csv,6_reject
alpss_output_data_set3\JHBMAB00003-S2R5C3_2026-05-28_18-19-01_shot10_ch1-velocity--smooth.csv,6_reject
alpss_output_data_set3\JHBMAB00003-S2R5C3_2026-05-28_18-19-13_shot11_ch1-velocity--smooth.csv,6_reject
alpss_output_data_set3\JHBMAB00003-S2R5C3_2026-05-28_18-19-24_shot12_ch1-velocity--smooth.csv,6_reject
alpss_output_data_set3\JHBMAB00003-S2R5C3_2026-05-28_18-19-37_shot13_ch1-velocity--smooth.csv,6_reject
alpss_output_data_set3\JHBMAB00003-S2R5C3_2026-05-28_18-19-49_shot14_ch1-velocity--smooth.csv,6_reject
alpss_output_data_set3\JHBMAB00003-S2R5C3_2026-05-28_18-20-01_shot15_ch1-velocity--smooth.csv,6_reject
alpss_output_data_set3\JHBMAB00003-S2R5C3_2026-05-28_18-20-14_shot16_ch1-velocity--smooth.csv,5_no_features
alpss_output_data_set3\JHBMAB00003-S2R5C3_2026-05-28_18-20-32_shot17_ch1-velocity--smooth.csv,5_no_features
alpss_output_data_set3\JHBMAB00003-S2R5C3_2026-05-28_18-20-46_shot18_ch1-velocity--smooth.csv,5_no_features
alpss_output_data_set3\JHBMAB00003-S2R5C3_2026-05-28_18-20-59_shot19_ch1-velocity--smooth.csv,6_reject
alpss_output_data_set3\JHBMAB00003-S2R5C3_2026-05-28_18-21-19_shot20_ch1-velocity--smooth.csv,6_reject
alpss_output_data_set3\JHBMAB00003-S2R5C3_2026-05-28_18-21-31_shot21_ch1-velocity--smooth.csv,6_reject
alpss_output_data_set3\JHBMAB00003-S2R5C3_2026-05-28_18-21-45_shot22_ch1-velocity--smooth.csv,5_no_features
alpss_output_data_set3\JHBMAB00003-S2R6C3_2026-05-11_17-25-45_shot01_ch1-velocity--smooth.csv,2_contains_spall
alpss_output_data_set3\JHBMAB00003-S2R6C3_2026-05-11_17-25-55_shot02_ch1-velocity--smooth.csv,2_contains_spall
alpss_output_data_set3\JHBMAB00003-S2R6C3_2026-05-11_17-26-04_shot03_ch1-velocity--smooth.csv,2_contains_spall
alpss_output_data_set3\JHBMAB00003-S2R6C3_2026-05-11_17-26-15_shot04_ch1-velocity--smooth.csv,2_contains_spall
alpss_output_data_set3\JHBMAB00003-S2R6C3_2026-05-11_17-26-25_shot05_ch1-velocity--smooth.csv,6_reject
alpss_output_data_set3\JHBMAB00003-S2R6C3_2026-05-11_17-26-34_shot06_ch1-velocity--smooth.csv,6_reject
alpss_output_data_set3\Ti64_2026-05-07_16-55-56_shot01_ch1-velocity--smooth.csv,6_reject
alpss_output_data_set3\Ti64_2026-05-07_17-01-21_shot01_ch1-velocity--smooth.csv,6_reject
alpss_output_data_set3\Ti64_2026-05-07_17-03-28_shot02_ch1-velocity--smooth.csv,6_reject
alpss_output_data_set3\Ti64_2026-05-07_17-10-27_shot01_ch1-velocity--smooth.csv,6_reject
alpss_output_data_set3\Ti64_2026-05-07_17-12-36_shot02_ch1-velocity--smooth.csv,6_reject
alpss_output_data_set3\Ti64_2026-05-07_17-28-42_shot01_ch1-velocity--smooth.csv,6_reject
alpss_output_data_set3\Ti64_2026-05-07_17-35-56_shot01_ch1-velocity--smooth.csv,2_contains_spall
alpss_output_data_set3\Ti64_2026-05-07_18-08-49_shot01_ch1-velocity--smooth.csv,6_reject
alpss_output_data_set3\Ti64_2026-05-07_18-09-56_shot02_ch1-velocity--smooth.csv,6_reject
alpss_output_data_set3\Ti64_2026-05-07_18-11-03_shot03_ch1-velocity--smooth.csv,6_reject
alpss_output_data_set3\_2026-05-07_21-22-22_shot01_ch1-velocity--smooth.csv,4_velocity_shot
alpss_output_data_set3\_2026-05-07_21-22-39_shot02_ch1-velocity--smooth.csv,4_velocity_shot
alpss_output_data_set3\_2026-05-07_21-22-50_shot03_ch1-velocity--smooth.csv,4_velocity_shot
Training_Data/08-12-2026\C1--JHACRA00004-004_2026-07-06_18-03-00_shot01--00000-velocity--smooth.csv,4_velocity_shot
Training_Data/08-12-2026\C1--JHACRA00004-004_2026-07-06_18-03-10_shot02--00000-velocity--smooth.csv,5_no_features
Training_Data/08-12-2026\C1--JHACRA00004-004_2026-07-06_18-03-20_shot03--00000-velocity--smooth.csv,5_no_features
Training_Data/08-12-2026\C1--JHACRA00004-004_2026-07-06_18-03-32_shot04--00000-velocity--smooth.csv,4_velocity_shot
Training_Data/08-12-2026\C1--JHACRA00004-004_2026-07-06_18-03-42_shot05--00000-velocity--smooth.csv,4_velocity_shot
Training_Data/08-12-2026\C1--JHACRA00004-004_2026-07-06_18-03-52_shot06--00000-velocity--smooth.csv,6_reject
Training_Data/08-12-2026\C1--JHACRA00004-004_2026-07-06_18-04-04_shot07--00000-velocity--smooth.csv,4_velocity_shot
Training_Data/08-12-2026\C1--JHACRA00004-004_2026-07-06_18-04-19_shot08--00000-velocity--smooth.csv,4_velocity_shot
Training_Data/08-12-2026\C1--JHAMAC00003-S1R5C3_68efdf9ebe3476695206a18e_0_1503_2026-07-14_13-21-58_shot01--00000-velocity--smooth.csv,6_reject
Training_Data/08-12-2026\C1--JHAMAC00003-S1R5C3_68efdf9ebe3476695206a18e_0_1503_2026-07-14_13-22-12_shot02--00000-velocity--smooth.csv,3_contains_spall_and_hel
Training_Data/08-12-2026\C1--JHAMAC00003-S1R5C3_68efdf9ebe3476695206a18e_0_1503_2026-07-14_13-22-26_shot03--00000-velocity--smooth.csv,6_reject
Training_Data/08-12-2026\C1--JHAMAC00003-S1R5C3_68efdf9ebe3476695206a18e_0_1503_2026-07-14_13-22-40_shot04--00000-velocity--smooth.csv,2_contains_spall
Training_Data/08-12-2026\C1--JHAMAC00003-S1R5C3_68efdf9ebe3476695206a18e_0_1503_2026-07-14_13-22-53_shot05--00000-velocity--smooth.csv,6_reject
Training_Data/08-12-2026\C1--JHAMAC00003-S1R5C3_68efdf9ebe3476695206a18e_0_1503_2026-07-14_13-23-06_shot06--00000-velocity--smooth.csv,6_reject
Training_Data/08-12-2026\C1--JHAMAC00003-S1R5C3_68efdf9ebe3476695206a18e_0_1503_2026-07-14_13-24-54_shot07--00000-velocity--smooth.csv,6_reject
Training_Data/08-12-2026\C1--JHAMAC00003-S1R5C3_68efdf9ebe3476695206a18e_0_1503_2026-07-14_13-25-07_shot08--00000-velocity--smooth.csv,6_reject
Training_Data/08-12-2026\C1--JHAMAC00003-S1R5C3_68efdf9ebe3476695206a18e_0_1503_2026-07-14_13-25-42_shot09--00000-velocity--smooth.csv,6_reject
Training_Data/08-12-2026\C1--JHAMAC00003-S1R5C3_68efdf9ebe3476695206a18e_0_1503_2026-07-14_13-26-16_shot10--00000-velocity--smooth.csv,3_contains_spall_and_hel
Training_Data/08-12-2026\C1--JHAMAC00003-S1R5C3_68efdf9ebe3476695206a18e_0_1503_2026-07-14_13-26-29_shot11--00000-velocity--smooth.csv,3_contains_spall_and_hel
Training_Data/08-12-2026\C1--JHAMAC00003-S1R5C3_68efdf9ebe3476695206a18e_0_1503_2026-07-14_13-27-09_shot12--00000-velocity--smooth.csv,2_contains_spall
Training_Data/08-12-2026\C1--JHAMAC00003-S4R5C2_68efdf9ebe3476695206a1c3_0_1503_2026-07-14_15-08-28_shot01--00000-velocity--smooth.csv,3_contains_spall_and_hel
Training_Data/08-12-2026\C1--JHAMAC00003-S4R5C2_68efdf9ebe3476695206a1c3_0_1503_2026-07-14_15-09-44_shot02--00000-velocity--smooth.csv,2_contains_spall
Training_Data/08-12-2026\C1--JHAMAC00003-S4R5C2_68efdf9ebe3476695206a1c3_0_1503_2026-07-14_15-09-58_shot03--00000-velocity--smooth.csv,2_contains_spall
Training_Data/08-12-2026\C1--JHAMAC00003-S4R5C2_68efdf9ebe3476695206a1c3_0_1503_2026-07-14_15-10-11_shot04--00000-velocity--smooth.csv,6_reject
Training_Data/08-12-2026\C1--JHAMAC00003-S4R5C2_68efdf9ebe3476695206a1c3_0_1503_2026-07-14_15-10-24_shot05--00000-velocity--smooth.csv,6_reject
Training_Data/08-12-2026\C1--JHAMAC00003-S4R5C2_68efdf9ebe3476695206a1c3_0_1503_2026-07-14_15-10-57_shot06--00000-velocity--smooth.csv,3_contains_spall_and_hel
Training_Data/08-12-2026\C1--JHAMAC00003-S4R5C2_68efdf9ebe3476695206a1c3_0_1503_2026-07-14_15-11-10_shot07--00000-velocity--smooth.csv,2_contains_spall
Training_Data/08-12-2026\C1--JHAMAC00003-S4R5C2_68efdf9ebe3476695206a1c3_0_1503_2026-07-14_15-11-26_shot08--00000-velocity--smooth.csv,6_reject
Training_Data/08-12-2026\C1--JHAMAC00003-S4R5C2_68efdf9ebe3476695206a1c3_0_1503_2026-07-14_15-12-01_shot09--00000-velocity--smooth.csv,6_reject
Training_Data/08-12-2026\C1--JHAMAC00003-S4R5C2_68efdf9ebe3476695206a1c3_0_1503_2026-07-14_15-12-14_shot10--00000-velocity--smooth.csv,2_contains_spall
Training_Data/08-12-2026\C1--JHAMAC00003-S4R5C2_68efdf9ebe3476695206a1c3_0_1503_2026-07-14_15-12-28_shot11--00000-velocity--smooth.csv,6_reject
Training_Data/08-12-2026\C1--JHAMAC00003-S4R5C2_68efdf9ebe3476695206a1c3_0_1503_2026-07-14_15-12-42_shot12--00000-velocity--smooth.csv,5_no_features
Training_Data/08-12-2026\C1--JHAMAC00003-S4R5C2_68efdf9ebe3476695206a1c3_0_1503_2026-07-14_15-13-16_shot13--00000-velocity--smooth.csv,3_contains_spall_and_hel
Training_Data/08-12-2026\C1--JHAMAC00003-S4R6C2_68efdf9ebe3476695206a1c6_0_1503_2026-07-14_13-13-46_shot01--00000-velocity--smooth.csv,6_reject
Training_Data/08-12-2026\C1--JHAMAC00003-S4R6C2_68efdf9ebe3476695206a1c6_0_1503_2026-07-14_13-14-19_shot02--00000-velocity--smooth.csv,6_reject
Training_Data/08-12-2026\C1--JHAMAC00003-S4R6C2_68efdf9ebe3476695206a1c6_0_1503_2026-07-14_13-14-32_shot03--00000-velocity--smooth.csv,3_contains_spall_and_hel
Training_Data/08-12-2026\C1--JHAMAC00003-S4R6C2_68efdf9ebe3476695206a1c6_0_1503_2026-07-14_13-14-45_shot04--00000-velocity--smooth.csv,2_contains_spall
Training_Data/08-12-2026\C1--JHAMAC00003-S4R6C2_68efdf9ebe3476695206a1c6_0_1503_2026-07-14_13-15-18_shot05--00000-velocity--smooth.csv,6_reject
Training_Data/08-12-2026\C1--JHAMAC00003-S4R6C2_68efdf9ebe3476695206a1c6_0_1503_2026-07-14_13-15-51_shot06--00000-velocity--smooth.csv,6_reject
Training_Data/08-12-2026\C1--JHAMAC00003-S4R6C2_68efdf9ebe3476695206a1c6_0_1503_2026-07-14_13-16-05_shot07--00000-velocity--smooth.csv,6_reject
Training_Data/08-12-2026\C1--JHAMAC00003-S4R6C2_68efdf9ebe3476695206a1c6_0_1503_2026-07-14_13-16-18_shot08--00000-velocity--smooth.csv,3_contains_spall_and_hel
Training_Data/08-12-2026\C1--JHAMAC00003-S4R6C2_68efdf9ebe3476695206a1c6_0_1503_2026-07-14_13-17-20_shot09--00000-velocity--smooth.csv,6_reject
Training_Data/08-12-2026\C1--JHAMAC00003-S4R6C2_68efdf9ebe3476695206a1c6_0_1503_2026-07-14_13-17-33_shot10--00000-velocity--smooth.csv,6_reject
Training_Data/08-12-2026\C1--JHAMAC00003-S4R6C2_68efdf9ebe3476695206a1c6_0_1503_2026-07-14_13-17-56_shot11--00000-velocity--smooth.csv,6_reject
Training_Data/08-12-2026\C1--JHAMAC00003-S4R6C3_68efdf9ebe3476695206a1c7_0_1499_2026-07-13_19-12-20_shot01--00000-velocity--smooth.csv,2_contains_spall
Training_Data/08-12-2026\C1--JHAMAC00003-S4R6C3_68efdf9ebe3476695206a1c7_0_1499_2026-07-13_19-12-34_shot02--00000-velocity--smooth.csv,3_contains_spall_and_hel
Training_Data/08-12-2026\C1--JHAMAC00003-S4R6C3_68efdf9ebe3476695206a1c7_0_1499_2026-07-13_19-12-48_shot03--00000-velocity--smooth.csv,2_contains_spall
Training_Data/08-12-2026\C1--JHAMAC00003-S4R6C3_68efdf9ebe3476695206a1c7_0_1499_2026-07-13_19-13-10_shot04--00000-velocity--smooth.csv,6_reject
Training_Data/08-12-2026\C1--JHAMAC00003-S4R6C3_68efdf9ebe3476695206a1c7_0_1499_2026-07-13_19-13-34_shot05--00000-velocity--smooth.csv,3_contains_spall_and_hel
Training_Data/08-12-2026\C1--JHAMAC00003-S4R6C3_68efdf9ebe3476695206a1c7_0_1499_2026-07-13_19-14-06_shot06--00000-velocity--smooth.csv,6_reject
Training_Data/08-12-2026\C1--JHAMAC00003-S4R6C3_68efdf9ebe3476695206a1c7_0_1499_2026-07-13_19-14-49_shot07--00000-velocity--smooth.csv,3_contains_spall_and_hel
Training_Data/08-12-2026\C1--JHAMAC00003-S4R6C3_68efdf9ebe3476695206a1c7_0_1499_2026-07-13_19-15-12_shot08--00000-velocity--smooth.csv,6_reject
Training_Data/08-12-2026\C1--JHAMAC00003-S4R6C3_68efdf9ebe3476695206a1c7_0_1499_2026-07-13_19-15-34_shot09--00000-velocity--smooth.csv,6_reject
Training_Data/08-12-2026\C1--JHAMAC00003-S4R6C3_68efdf9ebe3476695206a1c7_0_1499_2026-07-13_19-15-47_shot10--00000-velocity--smooth.csv,3_contains_spall_and_hel
Training_Data/08-12-2026\C1--JHAMAC00003-S6R4C3_68efdf9ebe3476695206a1e5_0_1503_2026-07-14_13-33-52_shot01--00000-velocity--smooth.csv,6_reject
Training_Data/08-12-2026\C1--JHAMAC00003-S6R4C3_68efdf9ebe3476695206a1e5_0_1503_2026-07-14_13-34-49_shot02--00000-velocity--smooth.csv,6_reject
Training_Data/08-12-2026\C1--JHAMAC00003-S6R4C3_68efdf9ebe3476695206a1e5_0_1503_2026-07-14_13-36-05_shot03--00000-velocity--smooth.csv,6_reject
Training_Data/08-12-2026\C1--JHAMAC00003-S6R4C3_68efdf9ebe3476695206a1e5_0_1503_2026-07-14_13-37-05_shot04--00000-velocity--smooth.csv,3_contains_spall_and_hel
Training_Data/08-12-2026\C1--JHAMAC00003-S6R5C3_68efdf9ebe3476695206a1e8_0_1503_2026-07-14_14-01-41_shot01--00000-velocity--smooth.csv,6_reject
Training_Data/08-12-2026\C1--JHAMAC00003-S6R5C3_68efdf9ebe3476695206a1e8_0_1503_2026-07-14_14-02-00_shot02--00000-velocity--smooth.csv,6_reject
Training_Data/08-12-2026\C1--JHAMAC00003-S6R5C3_68efdf9ebe3476695206a1e8_0_1503_2026-07-14_14-02-13_shot03--00000-velocity--smooth.csv,3_contains_spall_and_hel
Training_Data/08-12-2026\C1--JHAMAC00003-S6R5C3_68efdf9ebe3476695206a1e8_0_1503_2026-07-14_14-02-29_shot04--00000-velocity--smooth.csv,6_reject
Training_Data/08-12-2026\C1--JHAMAC00003-S6R5C3_68efdf9ebe3476695206a1e8_0_1503_2026-07-14_14-02-42_shot05--00000-velocity--smooth.csv,6_reject
Training_Data/08-12-2026\C1--JHAMAC00003-S6R5C3_68efdf9ebe3476695206a1e8_0_1503_2026-07-14_14-03-16_shot06--00000-velocity--smooth.csv,6_reject
Training_Data/08-12-2026\C1--JHAMAC00003-S7R4C2_68efdf9ebe3476695206a1f6_0_1503_2026-07-14_14-17-27_shot01--00000-velocity--smooth.csv,3_contains_spall_and_hel
Training_Data/08-12-2026\C1--JHAMAC00003-S7R4C2_68efdf9ebe3476695206a1f6_0_1503_2026-07-14_14-17-40_shot02--00000-velocity--smooth.csv,3_contains_spall_and_hel
Training_Data/08-12-2026\C1--JHAMAC00003-S7R4C2_68efdf9ebe3476695206a1f6_0_1503_2026-07-14_14-17-53_shot03--00000-velocity--smooth.csv,3_contains_spall_and_hel
Training_Data/08-12-2026\C1--JHAMAC00003-S7R4C2_68efdf9ebe3476695206a1f6_0_1503_2026-07-14_14-18-06_shot04--00000-velocity--smooth.csv,3_contains_spall_and_hel
Training_Data/08-12-2026\C1--JHAMAC00003-S7R4C2_68efdf9ebe3476695206a1f6_0_1503_2026-07-14_14-18-32_shot05--00000-velocity--smooth.csv,3_contains_spall_and_hel
Training_Data/08-12-2026\C1--JHAMAC00003-S7R4C2_68efdf9ebe3476695206a1f6_0_1503_2026-07-14_14-18-45_shot06--00000-velocity--smooth.csv,3_contains_spall_and_hel
Training_Data/08-12-2026\C1--JHAMAC00003-S7R4C2_68efdf9ebe3476695206a1f6_0_1503_2026-07-14_14-18-58_shot07--00000-velocity--smooth.csv,3_contains_spall_and_hel
Training_Data/08-12-2026\C1--JHAMAC00003-S7R4C2_68efdf9ebe3476695206a1f6_0_1503_2026-07-14_14-19-11_shot08--00000-velocity--smooth.csv,6_reject
Training_Data/08-12-2026\C1--JHAMAC00003-S7R4C2_68efdf9ebe3476695206a1f6_0_1503_2026-07-14_14-19-34_shot09--00000-velocity--smooth.csv,3_contains_spall_and_hel
Training_Data/08-12-2026\C1--JHAMAC00003-S7R4C2_68efdf9ebe3476695206a1f6_0_1503_2026-07-14_14-19-57_shot10--00000-velocity--smooth.csv,3_contains_spall_and_hel
Training_Data/08-12-2026\C1--JHAMAC00003-S7R4C2_68efdf9ebe3476695206a1f6_0_1503_2026-07-14_14-21-18_shot11--00000-velocity--smooth.csv,3_contains_spall_and_hel
Training_Data/08-12-2026\C1--JHAMAC00003-S7R4C2_68efdf9ebe3476695206a1f6_0_1503_2026-07-14_14-21-52_shot12--00000-velocity--smooth.csv,6_reject
Training_Data/08-12-2026\C1--JHAMAC00003-S7R6C2_68efdf9ebe3476695206a1fc_0_1503_2026-07-14_14-25-46_shot01--00000-velocity--smooth.csv,6_reject
Training_Data/08-12-2026\C1--JHAMAC00003-S7R6C2_68efdf9ebe3476695206a1fc_0_1503_2026-07-14_14-26-00_shot02--00000-velocity--smooth.csv,6_reject
Training_Data/08-12-2026\C1--JHAMAC00003-S7R6C2_68efdf9ebe3476695206a1fc_0_1503_2026-07-14_14-26-14_shot03--00000-velocity--smooth.csv,6_reject
Training_Data/08-12-2026\C1--JHAMAC00003-S7R6C2_68efdf9ebe3476695206a1fc_0_1503_2026-07-14_14-26-29_shot04--00000-velocity--smooth.csv,2_contains_spall
Training_Data/08-12-2026\C1--JHAMAC00003-S7R6C2_68efdf9ebe3476695206a1fc_0_1503_2026-07-14_14-26-43_shot05--00000-velocity--smooth.csv,6_reject
Training_Data/08-12-2026\C1--JHAMAC00003-S7R6C2_68efdf9ebe3476695206a1fc_0_1503_2026-07-14_14-26-55_shot06--00000-velocity--smooth.csv,6_reject
Training_Data/08-12-2026\C1--JHAMAC00003-S7R6C2_68efdf9ebe3476695206a1fc_0_1503_2026-07-14_14-27-18_shot07--00000-velocity--smooth.csv,2_contains_spall
Training_Data/08-12-2026\C1--JHAMAC00003-S7R6C2_68efdf9ebe3476695206a1fc_0_1503_2026-07-14_14-28-03_shot08--00000-velocity--smooth.csv,6_reject
Training_Data/08-12-2026\C1--JHAMAC00003-S7R6C2_68efdf9ebe3476695206a1fc_0_1503_2026-07-14_14-28-27_shot09--00000-velocity--smooth.csv,6_reject
Training_Data/08-12-2026\C1--JHAMAC00003-S7R6C2_68efdf9ebe3476695206a1fc_0_1503_2026-07-14_14-28-51_shot10--00000-velocity--smooth.csv,6_reject
Training_Data/08-12-2026\C1--JHAMAC00003-S7R6C2_68efdf9ebe3476695206a1fc_0_1503_2026-07-14_14-29-05_shot11--00000-velocity--smooth.csv,6_reject
Training_Data/08-12-2026\C1--JHAMAC00003-S7R6C2_68efdf9ebe3476695206a1fc_0_1503_2026-07-14_14-29-38_shot12--00000-velocity--smooth.csv,6_reject
Training_Data/08-12-2026\C1--JHAMAC00003-S7R6C2_68efdf9ebe3476695206a1fc_0_1503_2026-07-14_14-30-01_shot13--00000-velocity--smooth.csv,2_contains_spall
Training_Data/08-12-2026\C1--JHAMAC00003-S7R6C2_68efdf9ebe3476695206a1fc_0_1503_2026-07-14_14-30-25_shot14--00000-velocity--smooth.csv,6_reject
Training_Data/08-12-2026\C1--JHAMAC00003-S8R6C3_68efdf9ebe3476695206a20f_0_1499_2026-07-13_19-04-11_shot01--00000-velocity--smooth.csv,6_reject
Training_Data/08-12-2026\C1--JHAMAC00003-S8R6C3_68efdf9ebe3476695206a20f_0_1499_2026-07-13_19-04-44_shot02--00000-velocity--smooth.csv,6_reject
Training_Data/08-12-2026\C1--JHAMAC00003-S8R6C3_68efdf9ebe3476695206a20f_0_1499_2026-07-13_19-04-58_shot03--00000-velocity--smooth.csv,2_contains_spall
Training_Data/08-12-2026\C1--JHAMAC00003-S8R6C3_68efdf9ebe3476695206a20f_0_1499_2026-07-13_19-05-21_shot04--00000-velocity--smooth.csv,2_contains_spall
Training_Data/08-12-2026\C1--JHAMAC00003-S8R6C3_68efdf9ebe3476695206a20f_0_1499_2026-07-13_19-05-44_shot05--00000-velocity--smooth.csv,2_contains_spall
Training_Data/08-12-2026\C1--JHAMAC00003-S8R6C3_68efdf9ebe3476695206a20f_0_1499_2026-07-13_19-06-07_shot06--00000-velocity--smooth.csv,2_contains_spall
Training_Data/08-12-2026\C1--JHAMAC00003-S8R6C3_68efdf9ebe3476695206a20f_0_1499_2026-07-13_19-06-49_shot07--00000-velocity--smooth.csv,2_contains_spall
Training_Data/08-12-2026\C1--JHAMAC00003-S8R6C3_68efdf9ebe3476695206a20f_0_1499_2026-07-13_19-07-02_shot08--00000-velocity--smooth.csv,2_contains_spall
Training_Data/08-12-2026\C1--JHAMAC00003-S8R6C3_68efdf9ebe3476695206a20f_0_1499_2026-07-13_19-07-35_shot09--00000-velocity--smooth.csv,2_contains_spall
Training_Data/08-12-2026\C1--JHAMAL00016-014_69d3f8af8daaca38a7aa7f7a_2_1481_2026-07-10_15-10-11_shot01--00000-velocity--smooth.csv,5_no_features
Training_Data/08-12-2026\C1--JHAMAL00016-014_69d3f8af8daaca38a7aa7f7a_2_1481_2026-07-10_15-10-25_shot02--00000-velocity--smooth.csv,5_no_features
Training_Data/08-12-2026\C1--JHAMAL00016-014_69d3f8af8daaca38a7aa7f7a_2_1481_2026-07-10_15-10-38_shot03--00000-velocity--smooth.csv,2_contains_spall
Training_Data/08-12-2026\C1--JHAMAL00016-014_69d3f8af8daaca38a7aa7f7a_2_1481_2026-07-10_15-10-51_shot04--00000-velocity--smooth.csv,2_contains_spall
Training_Data/08-12-2026\C1--JHAMAL00016-014_69d3f8af8daaca38a7aa7f7a_2_1481_2026-07-10_15-11-04_shot05--00000-velocity--smooth.csv,2_contains_spall
Training_Data/08-12-2026\C1--JHAMAL00016-014_69d3f8af8daaca38a7aa7f7a_2_1481_2026-07-10_15-11-20_shot06--00000-velocity--smooth.csv,5_no_features
Training_Data/08-12-2026\C1--JHAMAL00016-014_69d3f8af8daaca38a7aa7f7a_2_1481_2026-07-10_15-11-34_shot07--00000-velocity--smooth.csv,5_no_features
Training_Data/08-12-2026\C1--JHAMAL00016-014_69d3f8af8daaca38a7aa7f7a_2_1481_2026-07-10_15-11-51_shot08--00000-velocity--smooth.csv,5_no_features
Training_Data/08-12-2026\C1--JHAMAL00016-014_69d3f8af8daaca38a7aa7f7a_2_1481_2026-07-10_15-12-08_shot09--00000-velocity--smooth.csv,2_contains_spall
Training_Data/08-12-2026\C1--JHAMAL00016-014_69d3f8af8daaca38a7aa7f7a_2_1481_2026-07-10_15-12-21_shot10--00000-velocity--smooth.csv,2_contains_spall
Training_Data/08-12-2026\C1--JHAMAL00016-014_69d3f8af8daaca38a7aa7f7a_2_1481_2026-07-10_15-12-35_shot11--00000-velocity--smooth.csv,5_no_features
Training_Data/08-12-2026\C1--JHAMAL00016-014_69d3f8af8daaca38a7aa7f7a_2_1481_2026-07-10_15-12-48_shot12--00000-velocity--smooth.csv,3_contains_spall_and_hel
Training_Data/08-12-2026\C1--JHAMAL00016-014_69d3f8af8daaca38a7aa7f7a_2_1481_2026-07-10_15-13-02_shot13--00000-velocity--smooth.csv,2_contains_spall
Training_Data/08-12-2026\C1--JHAMAL00016-014_69d3f8af8daaca38a7aa7f7a_2_1481_2026-07-10_15-13-16_shot14--00000-velocity--smooth.csv,5_no_features
Training_Data/08-12-2026\C1--JHAMAL00016-014_69d3f8af8daaca38a7aa7f7a_2_1481_2026-07-10_15-13-38_shot15--00000-velocity--smooth.csv,2_contains_spall
Training_Data/08-12-2026\C1--JHAMAL00016-014_69d3f8af8daaca38a7aa7f7a_2_1481_2026-07-10_15-13-51_shot16--00000-velocity--smooth.csv,2_contains_spall
Training_Data/08-12-2026\C1--JHAMAL00016-014_69d3f8af8daaca38a7aa7f7a_2_1481_2026-07-10_15-14-04_shot17--00000-velocity--smooth.csv,2_contains_spall
Training_Data/08-12-2026\C1--JHAMAL00016-014_69d3f8af8daaca38a7aa7f7a_2_1481_2026-07-10_15-14-17_shot18--00000-velocity--smooth.csv,2_contains_spall
Training_Data/08-12-2026\C1--JHAMAL00016-014_69d3f8af8daaca38a7aa7f7a_2_1481_2026-07-10_15-14-30_shot19--00000-velocity--smooth.csv,2_contains_spall
Training_Data/08-12-2026\C1--JHAMAL00016-014_69d3f8af8daaca38a7aa7f7a_2_1481_2026-07-10_15-14-44_shot20--00000-velocity--smooth.csv,5_no_features
Training_Data/08-12-2026\C1--JHAMAL00016-014_69d3f8af8daaca38a7aa7f7a_2_1481_2026-07-10_15-14-58_shot21--00000-velocity--smooth.csv,5_no_features
Training_Data/08-12-2026\C1--JHAMAL00016-014_69d3f8af8daaca38a7aa7f7a_2_1481_2026-07-10_15-15-11_shot22--00000-velocity--smooth.csv,5_no_features
Training_Data/08-12-2026\C1--JHAMAL00016-014_69d3f8af8daaca38a7aa7f7a_2_1481_2026-07-10_15-15-24_shot23--00000-velocity--smooth.csv,5_no_features
Training_Data/08-12-2026\C1--JHAMAL00016-014_69d3f8af8daaca38a7aa7f7a_2_1481_2026-07-10_15-15-38_shot24--00000-velocity--smooth.csv,2_contains_spall
Training_Data/08-12-2026\C1--JHAMAL00016-014_69d3f8af8daaca38a7aa7f7a_2_1481_2026-07-10_15-15-57_shot25--00000-velocity--smooth.csv,6_reject
Training_Data/08-12-2026\C1--JHAMAL00016-016_69d3f8af8daaca38a7aa7f7c_2_1481_2026-07-10_15-27-17_shot01--00000-velocity--smooth.csv,2_contains_spall
Training_Data/08-12-2026\C1--JHAMAL00016-016_69d3f8af8daaca38a7aa7f7c_2_1481_2026-07-10_15-27-48_shot02--00000-velocity--smooth.csv,2_contains_spall
Training_Data/08-12-2026\C1--JHAMAL00016-016_69d3f8af8daaca38a7aa7f7c_2_1481_2026-07-10_15-28-02_shot03--00000-velocity--smooth.csv,2_contains_spall
Training_Data/08-12-2026\C1--JHAMAL00016-016_69d3f8af8daaca38a7aa7f7c_2_1481_2026-07-10_15-28-20_shot04--00000-velocity--smooth.csv,2_contains_spall
Training_Data/08-12-2026\C1--JHAMAL00016-016_69d3f8af8daaca38a7aa7f7c_2_1481_2026-07-10_15-30-59_shot05--00000-velocity--smooth.csv,1_contains_hel
Training_Data/08-12-2026\C1--JHAMAL00016-016_69d3f8af8daaca38a7aa7f7c_2_1481_2026-07-10_15-31-35_shot06--00000-velocity--smooth.csv,1_contains_hel
Training_Data/08-12-2026\C1--JHAMAL00016-016_69d3f8af8daaca38a7aa7f7c_2_1481_2026-07-10_15-31-50_shot07--00000-velocity--smooth.csv,2_contains_spall
Training_Data/08-12-2026\C1--JHAMAL00016-017_69d3f8af8daaca38a7aa7f7d_2_1481_2026-07-10_15-47-01_shot01--00000-velocity--smooth.csv,1_contains_hel
Training_Data/08-12-2026\C1--JHAMAL00016-017_69d3f8af8daaca38a7aa7f7d_2_1481_2026-07-10_15-47-56_shot02--00000-velocity--smooth.csv,5_no_features
Training_Data/08-12-2026\C1--JHAMAL00016-017_69d3f8af8daaca38a7aa7f7d_2_1481_2026-07-10_15-48-11_shot03--00000-velocity--smooth.csv,1_contains_hel
Training_Data/08-12-2026\C1--JHAMAL00016-017_69d3f8af8daaca38a7aa7f7d_2_1481_2026-07-10_15-49-51_shot04--00000-velocity--smooth.csv,2_contains_spall
Training_Data/08-12-2026\C1--JHAMAL00016-017_69d3f8af8daaca38a7aa7f7d_2_1481_2026-07-10_15-50-26_shot05--00000-velocity--smooth.csv,5_no_features
Training_Data/08-12-2026\C1--JHAMAL00016-017_69d3f8af8daaca38a7aa7f7d_2_1481_2026-07-10_15-52-05_shot06--00000-velocity--smooth.csv,5_no_features
Training_Data/08-12-2026\C1--JHAMAL00016-017_69d3f8af8daaca38a7aa7f7d_2_1481_2026-07-10_15-53-05_shot07--00000-velocity--smooth.csv,1_contains_hel
Training_Data/08-12-2026\C1--JHAMAL00016-017_69d3f8af8daaca38a7aa7f7d_2_1481_2026-07-10_15-53-30_shot08--00000-velocity--smooth.csv,2_contains_spall
Training_Data/08-12-2026\C1--JHAMAL00016-017_69d3f8af8daaca38a7aa7f7d_2_1481_2026-07-10_15-53-44_shot09--00000-velocity--smooth.csv,2_contains_spall
Training_Data/08-12-2026\C1--JHAMAL00016-017_69d3f8af8daaca38a7aa7f7d_2_1481_2026-07-10_15-53-57_shot10--00000-velocity--smooth.csv,2_contains_spall
Training_Data/08-12-2026\C1--JHAMAL00016-018_69d3f8af8daaca38a7aa7f7e_0_1495_2026-07-13_16-05-19_shot01--00000-velocity--smooth.csv,5_no_features
Training_Data/08-12-2026\C1--JHAMAL00016-018_69d3f8af8daaca38a7aa7f7e_0_1495_2026-07-13_16-05-32_shot02--00000-velocity--smooth.csv,2_contains_spall
Training_Data/08-12-2026\C1--JHAMAL00016-018_69d3f8af8daaca38a7aa7f7e_0_1495_2026-07-13_16-05-46_shot03--00000-velocity--smooth.csv,5_no_features
Training_Data/08-12-2026\C1--JHAMAL00016-018_69d3f8af8daaca38a7aa7f7e_0_1495_2026-07-13_16-05-59_shot04--00000-velocity--smooth.csv,5_no_features
Training_Data/08-12-2026\C1--JHAMAL00016-018_69d3f8af8daaca38a7aa7f7e_0_1495_2026-07-13_16-06-13_shot05--00000-velocity--smooth.csv,5_no_features
Training_Data/08-12-2026\C1--JHAMAL00016-018_69d3f8af8daaca38a7aa7f7e_0_1495_2026-07-13_16-06-27_shot06--00000-velocity--smooth.csv,2_contains_spall
Training_Data/08-12-2026\C1--JHAMAL00016-018_69d3f8af8daaca38a7aa7f7e_0_1495_2026-07-13_16-06-40_shot07--00000-velocity--smooth.csv,5_no_features
Training_Data/08-12-2026\C1--JHAMAL00016-018_69d3f8af8daaca38a7aa7f7e_0_1495_2026-07-13_16-06-53_shot08--00000-velocity--smooth.csv,2_contains_spall
Training_Data/08-12-2026\C1--JHAMAL00016-018_69d3f8af8daaca38a7aa7f7e_0_1495_2026-07-13_16-07-28_shot09--00000-velocity--smooth.csv,2_contains_spall
Training_Data/08-12-2026\C1--JHAMAL00016-018_69d3f8af8daaca38a7aa7f7e_0_1495_2026-07-13_16-07-41_shot10--00000-velocity--smooth.csv,2_contains_spall
Training_Data/08-12-2026\C1--JHAMAL00016-018_69d3f8af8daaca38a7aa7f7e_0_1495_2026-07-13_16-07-55_shot11--00000-velocity--smooth.csv,5_no_features
Training_Data/08-12-2026\C1--JHAMAL00016-018_69d3f8af8daaca38a7aa7f7e_0_1495_2026-07-13_16-08-08_shot12--00000-velocity--smooth.csv,2_contains_spall
Training_Data/08-12-2026\C1--JHAMAL00016-018_69d3f8af8daaca38a7aa7f7e_0_1495_2026-07-13_16-08-22_shot13--00000-velocity--smooth.csv,5_no_features
Training_Data/08-12-2026\C1--JHAMAL00016-018_69d3f8af8daaca38a7aa7f7e_0_1495_2026-07-13_16-08-35_shot14--00000-velocity--smooth.csv,2_contains_spall
Training_Data/08-12-2026\C1--JHAMAL00016-018_69d3f8af8daaca38a7aa7f7e_0_1495_2026-07-13_16-08-48_shot15--00000-velocity--smooth.csv,1_contains_hel
Training_Data/08-12-2026\C1--JHAMAL00016-018_69d3f8af8daaca38a7aa7f7e_0_1495_2026-07-13_16-09-07_shot16--00000-velocity--smooth.csv,2_contains_spall
Training_Data/08-12-2026\C1--JHAMAL00016-018_69d3f8af8daaca38a7aa7f7e_0_1495_2026-07-13_16-09-20_shot17--00000-velocity--smooth.csv,6_reject
Training_Data/08-12-2026\C1--JHAMAL00016-018_69d3f8af8daaca38a7aa7f7e_0_1495_2026-07-13_16-09-33_shot18--00000-velocity--smooth.csv,5_no_features
Training_Data/08-12-2026\C1--JHAMAL00016-018_69d3f8af8daaca38a7aa7f7e_0_1495_2026-07-13_16-09-47_shot19--00000-velocity--smooth.csv,2_contains_spall
Training_Data/08-12-2026\C1--JHAMAL00016-018_69d3f8af8daaca38a7aa7f7e_0_1495_2026-07-13_16-10-21_shot20--00000-velocity--smooth.csv,2_contains_spall
Training_Data/08-12-2026\C1--JHAMAL00016-018_69d3f8af8daaca38a7aa7f7e_0_1495_2026-07-13_16-10-34_shot21--00000-velocity--smooth.csv,5_no_features
Training_Data/08-12-2026\C1--JHAMAL00016-018_69d3f8af8daaca38a7aa7f7e_0_1495_2026-07-13_16-10-48_shot22--00000-velocity--smooth.csv,5_no_features
Training_Data/08-12-2026\C1--JHAMAL00016-023_69d3f8af8daaca38a7aa7f83_2_1496_2026-07-13_19-39-07_shot01--00000-velocity--smooth.csv,4_velocity_shot
Training_Data/08-12-2026\C1--JHAMAL00016-023_69d3f8af8daaca38a7aa7f83_2_1496_2026-07-13_19-39-21_shot02--00000-velocity--smooth.csv,4_velocity_shot
Training_Data/08-12-2026\C1--JHAMAL00016-023_69d3f8af8daaca38a7aa7f83_2_1496_2026-07-13_19-39-35_shot03--00000-velocity--smooth.csv,4_velocity_shot
Training_Data/08-12-2026\C1--JHAMAL00016-023_69d3f8af8daaca38a7aa7f83_2_1496_2026-07-13_19-39-50_shot04--00000-velocity--smooth.csv,4_velocity_shot
Training_Data/08-12-2026\C1--JHAMAL00016-023_69d3f8af8daaca38a7aa7f83_2_1496_2026-07-13_19-40-04_shot05--00000-velocity--smooth.csv,4_velocity_shot
Training_Data/08-12-2026\C1--JHAMAL00016-023_69d3f8af8daaca38a7aa7f83_2_1496_2026-07-13_19-40-18_shot06--00000-velocity--smooth.csv,4_velocity_shot
Training_Data/08-12-2026\C1--JHAMAL00016-023_69d3f8af8daaca38a7aa7f83_2_1496_2026-07-13_19-40-32_shot07--00000-velocity--smooth.csv,4_velocity_shot
Training_Data/08-12-2026\C1--JHAMAL00016-023_69d3f8af8daaca38a7aa7f83_2_1496_2026-07-13_19-40-46_shot08--00000-velocity--smooth.csv,4_velocity_shot
Training_Data/08-12-2026\C1--JHAMAL00016-023_69d3f8af8daaca38a7aa7f83_2_1496_2026-07-13_19-41-00_shot09--00000-velocity--smooth.csv,4_velocity_shot
Training_Data/08-12-2026\C1--JHAMAL00016-023_69d3f8af8daaca38a7aa7f83_2_1496_2026-07-13_19-41-14_shot10--00000-velocity--smooth.csv,4_velocity_shot
Training_Data/08-12-2026\C1--JHAMAL00016-023_69d3f8af8daaca38a7aa7f83_2_1496_2026-07-13_19-41-29_shot11--00000-velocity--smooth.csv,4_velocity_shot
Training_Data/08-12-2026\C1--JHAMAL00016-023_69d3f8af8daaca38a7aa7f83_2_1496_2026-07-13_19-41-43_shot12--00000-velocity--smooth.csv,4_velocity_shot
Training_Data/08-12-2026\C1--JHAMAL00016-023_69d3f8af8daaca38a7aa7f83_2_1496_2026-07-13_19-41-57_shot13--00000-velocity--smooth.csv,4_velocity_shot
Training_Data/08-12-2026\C1--JHAMAL00016-023_69d3f8af8daaca38a7aa7f83_2_1496_2026-07-13_19-42-11_shot14--00000-velocity--smooth.csv,4_velocity_shot
Training_Data/08-12-2026\C1--JHAMAL00016-023_69d3f8af8daaca38a7aa7f83_2_1496_2026-07-13_19-42-25_shot15--00000-velocity--smooth.csv,4_velocity_shot
Training_Data/08-12-2026\C1--JHAMAL00016-023_69d3f8af8daaca38a7aa7f83_2_1496_2026-07-13_19-42-40_shot16--00000-velocity--smooth.csv,4_velocity_shot
Training_Data/08-12-2026\C1--JHAMAL00016-023_69d3f8af8daaca38a7aa7f83_2_1496_2026-07-13_19-43-15_shot17--00000-velocity--smooth.csv,4_velocity_shot
Training_Data/08-12-2026\C1--JHAMAL00016-023_69d3f8af8daaca38a7aa7f83_2_1496_2026-07-13_19-43-50_shot18--00000-velocity--smooth.csv,4_velocity_shot
Training_Data/08-12-2026\C1--JHAMAL00016-023_69d3f8af8daaca38a7aa7f83_2_1496_2026-07-13_19-44-04_shot19--00000-velocity--smooth.csv,4_velocity_shot
Training_Data/08-12-2026\C1--JHAMAL00016-023_69d3f8af8daaca38a7aa7f83_2_1496_2026-07-13_19-44-19_shot20--00000-velocity--smooth.csv,4_velocity_shot
Training_Data/08-12-2026\C1--JHAMAL00016-023_69d3f8af8daaca38a7aa7f83_2_1496_2026-07-13_19-44-33_shot21--00000-velocity--smooth.csv,4_velocity_shot
Training_Data/08-12-2026\C1--JHAMAL00016-023_69d3f8af8daaca38a7aa7f83_2_1496_2026-07-13_19-45-09_shot22--00000-velocity--smooth.csv,4_velocity_shot
Training_Data/08-12-2026\C1--JHAMAL00016-024_69d3f8af8daaca38a7aa7f84_2_1496_2026-07-13_19-55-55_shot01--00000-velocity--smooth.csv,4_velocity_shot
Training_Data/08-12-2026\C1--JHAMAL00016-024_69d3f8af8daaca38a7aa7f84_2_1496_2026-07-13_19-56-09_shot02--00000-velocity--smooth.csv,4_velocity_shot
Training_Data/08-12-2026\C1--JHAMAL00016-024_69d3f8af8daaca38a7aa7f84_2_1496_2026-07-13_19-56-23_shot03--00000-velocity--smooth.csv,4_velocity_shot
Training_Data/08-12-2026\C1--JHAMAL00016-024_69d3f8af8daaca38a7aa7f84_2_1496_2026-07-13_19-56-37_shot04--00000-velocity--smooth.csv,4_velocity_shot
Training_Data/08-12-2026\C1--JHAMAL00016-024_69d3f8af8daaca38a7aa7f84_2_1496_2026-07-13_19-56-51_shot05--00000-velocity--smooth.csv,4_velocity_shot
Training_Data/08-12-2026\C1--JHAMAL00016-024_69d3f8af8daaca38a7aa7f84_2_1496_2026-07-13_19-57-05_shot06--00000-velocity--smooth.csv,4_velocity_shot
Training_Data/08-12-2026\C1--JHAMAL00016-024_69d3f8af8daaca38a7aa7f84_2_1496_2026-07-13_19-57-19_shot07--00000-velocity--smooth.csv,4_velocity_shot
Training_Data/08-12-2026\C1--JHAMAL00016-024_69d3f8af8daaca38a7aa7f84_2_1496_2026-07-13_19-57-33_shot08--00000-velocity--smooth.csv,4_velocity_shot
Training_Data/08-12-2026\C1--JHAMAL00016-024_69d3f8af8daaca38a7aa7f84_2_1496_2026-07-13_19-57-47_shot09--00000-velocity--smooth.csv,4_velocity_shot
Training_Data/08-12-2026\C1--JHAMAL00016-024_69d3f8af8daaca38a7aa7f84_2_1496_2026-07-13_19-58-01_shot10--00000-velocity--smooth.csv,4_velocity_shot
Training_Data/08-12-2026\C1--JHAMAL00016-024_69d3f8af8daaca38a7aa7f84_2_1496_2026-07-13_19-58-15_shot11--00000-velocity--smooth.csv,4_velocity_shot
Training_Data/08-12-2026\C1--JHAMAL00016-024_69d3f8af8daaca38a7aa7f84_2_1496_2026-07-13_19-58-29_shot12--00000-velocity--smooth.csv,4_velocity_shot
Training_Data/08-12-2026\C1--JHAMAL00016-024_69d3f8af8daaca38a7aa7f84_2_1496_2026-07-13_19-58-43_shot13--00000-velocity--smooth.csv,4_velocity_shot
Training_Data/08-12-2026\C1--JHAMAL00016-024_69d3f8af8daaca38a7aa7f84_2_1496_2026-07-13_19-58-57_shot14--00000-velocity--smooth.csv,4_velocity_shot
Training_Data/08-12-2026\C1--JHAMAL00016-024_69d3f8af8daaca38a7aa7f84_2_1496_2026-07-13_19-59-11_shot15--00000-velocity--smooth.csv,4_velocity_shot
Training_Data/08-12-2026\C1--JHAMAL00016-024_69d3f8af8daaca38a7aa7f84_2_1496_2026-07-13_19-59-25_shot16--00000-velocity--smooth.csv,4_velocity_shot
Training_Data/08-12-2026\C1--JHAMAL00016-024_69d3f8af8daaca38a7aa7f84_2_1496_2026-07-13_19-59-39_shot17--00000-velocity--smooth.csv,4_velocity_shot
Training_Data/08-12-2026\C1--JHAMAL00016-024_69d3f8af8daaca38a7aa7f84_2_1496_2026-07-13_19-59-53_shot18--00000-velocity--smooth.csv,4_velocity_shot
Training_Data/08-12-2026\C1--JHAMAL00016-024_69d3f8af8daaca38a7aa7f84_2_1496_2026-07-13_20-00-07_shot19--00000-velocity--smooth.csv,4_velocity_shot
Training_Data/08-12-2026\C1--JHAMAL00016-024_69d3f8af8daaca38a7aa7f84_2_1496_2026-07-13_20-00-21_shot20--00000-velocity--smooth.csv,4_velocity_shot
Training_Data/08-12-2026\C1--JHAMAL00016-024_69d3f8af8daaca38a7aa7f84_2_1496_2026-07-13_20-00-35_shot21--00000-velocity--smooth.csv,4_velocity_shot
Training_Data/08-12-2026\C1--JHAMAL00016-024_69d3f8af8daaca38a7aa7f84_2_1496_2026-07-13_20-00-49_shot22--00000-velocity--smooth.csv,4_velocity_shot
Training_Data/08-12-2026\C1--JHAMAL00016-024_69d3f8af8daaca38a7aa7f84_2_1496_2026-07-13_20-01-03_shot23--00000-velocity--smooth.csv,4_velocity_shot
Training_Data/08-12-2026\C1--JHAMAL00016-024_69d3f8af8daaca38a7aa7f84_2_1496_2026-07-13_20-01-17_shot24--00000-velocity--smooth.csv,4_velocity_shot
Training_Data/08-12-2026\C1--JHAMAL00016-024_69d3f8af8daaca38a7aa7f84_2_1496_2026-07-13_20-01-31_shot25--00000-velocity--smooth.csv,4_velocity_shot
Training_Data/08-12-2026\C1--JHAMAL00016-025_69d3f8af8daaca38a7aa7f85_2_1926_2026-07-22_16-15-22_shot01--00000-velocity--smooth.csv,4_velocity_shot
Training_Data/08-12-2026\C1--JHAMAL00016-025_69d3f8af8daaca38a7aa7f85_2_1926_2026-07-22_16-15-36_shot02--00000-velocity--smooth.csv,4_velocity_shot
Training_Data/08-12-2026\C1--JHAMAL00016-025_69d3f8af8daaca38a7aa7f85_2_1926_2026-07-22_16-15-50_shot03--00000-velocity--smooth.csv,4_velocity_shot
Training_Data/08-12-2026\C1--JHAMAL00016-025_69d3f8af8daaca38a7aa7f85_2_1926_2026-07-22_16-16-04_shot04--00000-velocity--smooth.csv,4_velocity_shot
Training_Data/08-12-2026\C1--JHAMAL00016-025_69d3f8af8daaca38a7aa7f85_2_1926_2026-07-22_16-16-18_shot05--00000-velocity--smooth.csv,4_velocity_shot
Training_Data/08-12-2026\C1--JHAMAL00016-025_69d3f8af8daaca38a7aa7f85_2_1926_2026-07-22_16-16-33_shot06--00000-velocity--smooth.csv,4_velocity_shot
Training_Data/08-12-2026\C1--JHAMAL00016-025_69d3f8af8daaca38a7aa7f85_2_1926_2026-07-22_16-16-47_shot07--00000-velocity--smooth.csv,4_velocity_shot
Training_Data/08-12-2026\C1--JHAMAL00016-025_69d3f8af8daaca38a7aa7f85_2_1926_2026-07-22_16-17-00_shot08--00000-velocity--smooth.csv,4_velocity_shot
Training_Data/08-12-2026\C1--JHAMAL00016-025_69d3f8af8daaca38a7aa7f85_2_1926_2026-07-22_16-17-14_shot09--00000-velocity--smooth.csv,4_velocity_shot
Training_Data/08-12-2026\C1--JHAMAL00016-025_69d3f8af8daaca38a7aa7f85_2_1926_2026-07-22_16-17-29_shot10--00000-velocity--smooth.csv,4_velocity_shot
Training_Data/08-12-2026\C1--JHAMAL00016-025_69d3f8af8daaca38a7aa7f85_2_1926_2026-07-22_16-17-43_shot11--00000-velocity--smooth.csv,4_velocity_shot
Training_Data/08-12-2026\C1--JHAMAL00016-025_69d3f8af8daaca38a7aa7f85_2_1926_2026-07-22_16-17-57_shot12--00000-velocity--smooth.csv,4_velocity_shot
Training_Data/08-12-2026\C1--JHAMAL00016-025_69d3f8af8daaca38a7aa7f85_2_1926_2026-07-22_16-18-11_shot13--00000-velocity--smooth.csv,4_velocity_shot
Training_Data/08-12-2026\C1--JHAMAL00016-025_69d3f8af8daaca38a7aa7f85_2_1926_2026-07-22_16-18-25_shot14--00000-velocity--smooth.csv,4_velocity_shot
Training_Data/08-12-2026\C1--JHAMAL00016-025_69d3f8af8daaca38a7aa7f85_2_1926_2026-07-22_16-18-40_shot15--00000-velocity--smooth.csv,4_velocity_shot
Training_Data/08-12-2026\C1--JHAMAL00016-025_69d3f8af8daaca38a7aa7f85_2_1926_2026-07-22_16-18-54_shot16--00000-velocity--smooth.csv,4_velocity_shot
Training_Data/08-12-2026\C1--JHAMAL00016-025_69d3f8af8daaca38a7aa7f85_2_1926_2026-07-22_16-19-08_shot17--00000-velocity--smooth.csv,4_velocity_shot
Training_Data/08-12-2026\C1--JHAMAL00016-025_69d3f8af8daaca38a7aa7f85_2_1926_2026-07-22_16-19-22_shot18--00000-velocity--smooth.csv,4_velocity_shot
Training_Data/08-12-2026\C1--JHAMAL00016-025_69d3f8af8daaca38a7aa7f85_2_1926_2026-07-22_16-19-36_shot19--00000-velocity--smooth.csv,4_velocity_shot
Training_Data/08-12-2026\C1--JHAMAL00016-025_69d3f8af8daaca38a7aa7f85_2_1926_2026-07-22_16-19-50_shot20--00000-velocity--smooth.csv,4_velocity_shot
Training_Data/08-12-2026\C1--JHAMAL00016-025_69d3f8af8daaca38a7aa7f85_2_1926_2026-07-22_16-20-04_shot21--00000-velocity--smooth.csv,4_velocity_shot
Training_Data/08-12-2026\C1--JHAMAL00016-025_69d3f8af8daaca38a7aa7f85_2_1926_2026-07-22_16-20-18_shot22--00000-velocity--smooth.csv,4_velocity_shot
Training_Data/08-12-2026\C1--JHAMAL00016-025_69d3f8af8daaca38a7aa7f85_2_1926_2026-07-22_16-20-33_shot23--00000-velocity--smooth.csv,4_velocity_shot
Training_Data/08-12-2026\C1--JHAMAL00016-025_69d3f8af8daaca38a7aa7f85_2_1926_2026-07-22_16-20-47_shot24--00000-velocity--smooth.csv,4_velocity_shot
Training_Data/08-12-2026\C1--JHAMAL00016-025_69d3f8af8daaca38a7aa7f85_2_1926_2026-07-22_16-21-03_shot25--00000-velocity--smooth.csv,4_velocity_shot
Training_Data/08-12-2026\C1--JHAMAL00016-026_69d3f8af8daaca38a7aa7f86_2_1926_2026-07-22_16-58-40_shot01--00000-velocity--smooth.csv,5_no_features
Training_Data/08-12-2026\C1--JHAMAL00016-026_69d3f8af8daaca38a7aa7f86_2_1926_2026-07-22_16-58-54_shot02--00000-velocity--smooth.csv,1_contains_hel
Training_Data/08-12-2026\C1--JHAMAL00016-026_69d3f8af8daaca38a7aa7f86_2_1926_2026-07-22_16-59-07_shot03--00000-velocity--smooth.csv,1_contains_hel
Training_Data/08-12-2026\C1--JHAMAL00016-026_69d3f8af8daaca38a7aa7f86_2_1926_2026-07-22_16-59-20_shot04--00000-velocity--smooth.csv,3_contains_spall_and_hel
Training_Data/08-12-2026\C1--JHAMAL00016-026_69d3f8af8daaca38a7aa7f86_2_1926_2026-07-22_16-59-34_shot05--00000-velocity--smooth.csv,5_no_features
Training_Data/08-12-2026\C1--JHAMAL00016-026_69d3f8af8daaca38a7aa7f86_2_1926_2026-07-22_16-59-47_shot06--00000-velocity--smooth.csv,5_no_features
Training_Data/08-12-2026\C1--JHAMAL00016-026_69d3f8af8daaca38a7aa7f86_2_1926_2026-07-22_17-00-00_shot07--00000-velocity--smooth.csv,1_contains_hel
Training_Data/08-12-2026\C1--JHAMAL00016-026_69d3f8af8daaca38a7aa7f86_2_1926_2026-07-22_17-00-13_shot08--00000-velocity--smooth.csv,2_contains_spall
Training_Data/08-12-2026\C1--JHAMAL00016-026_69d3f8af8daaca38a7aa7f86_2_1926_2026-07-22_17-00-26_shot09--00000-velocity--smooth.csv,3_contains_spall_and_hel
Training_Data/08-12-2026\C1--JHAMAL00016-026_69d3f8af8daaca38a7aa7f86_2_1926_2026-07-22_17-00-39_shot10--00000-velocity--smooth.csv,1_contains_hel
Training_Data/08-12-2026\C1--JHAMAL00016-026_69d3f8af8daaca38a7aa7f86_2_1926_2026-07-22_17-00-53_shot11--00000-velocity--smooth.csv,1_contains_hel
Training_Data/08-12-2026\C1--JHAMAL00016-026_69d3f8af8daaca38a7aa7f86_2_1926_2026-07-22_17-01-27_shot12--00000-velocity--smooth.csv,1_contains_hel
Training_Data/08-12-2026\C1--JHAMAL00016-026_69d3f8af8daaca38a7aa7f86_2_1926_2026-07-22_17-01-40_shot13--00000-velocity--smooth.csv,5_no_features
Training_Data/08-12-2026\C1--JHAMAL00016-026_69d3f8af8daaca38a7aa7f86_2_1926_2026-07-22_17-01-53_shot14--00000-velocity--smooth.csv,1_contains_hel
Training_Data/08-12-2026\C1--JHAMAL00016-026_69d3f8af8daaca38a7aa7f86_2_1926_2026-07-22_17-02-06_shot15--00000-velocity--smooth.csv,1_contains_hel
Training_Data/08-12-2026\C1--JHAMAL00016-026_69d3f8af8daaca38a7aa7f86_2_1926_2026-07-22_17-02-20_shot16--00000-velocity--smooth.csv,1_contains_hel
Training_Data/08-12-2026\C1--JHAMAL00016-026_69d3f8af8daaca38a7aa7f86_2_1926_2026-07-22_17-02-33_shot17--00000-velocity--smooth.csv,1_contains_hel
Training_Data/08-12-2026\C1--JHAMAL00016-026_69d3f8af8daaca38a7aa7f86_2_1926_2026-07-22_17-02-46_shot18--00000-velocity--smooth.csv,3_contains_spall_and_hel
Training_Data/08-12-2026\C1--JHAMAL00016-026_69d3f8af8daaca38a7aa7f86_2_1926_2026-07-22_17-02-59_shot19--00000-velocity--smooth.csv,1_contains_hel
Training_Data/08-12-2026\C1--JHAMAL00016-026_69d3f8af8daaca38a7aa7f86_2_1926_2026-07-22_17-03-12_shot20--00000-velocity--smooth.csv,1_contains_hel
Training_Data/08-12-2026\C1--JHAMAL00016-026_69d3f8af8daaca38a7aa7f86_2_1926_2026-07-22_17-03-26_shot21--00000-velocity--smooth.csv,5_no_features
Training_Data/08-12-2026\C1--JHAMAL00016-026_69d3f8af8daaca38a7aa7f86_2_1926_2026-07-22_17-03-39_shot22--00000-velocity--smooth.csv,1_contains_hel
Training_Data/08-12-2026\C1--JHAMAL00016-026_69d3f8af8daaca38a7aa7f86_2_1926_2026-07-22_17-03-52_shot23--00000-velocity--smooth.csv,1_contains_hel
Training_Data/08-12-2026\C1--JHAMAL00016-026_69d3f8af8daaca38a7aa7f86_2_1926_2026-07-22_17-04-05_shot24--00000-velocity--smooth.csv,3_contains_spall_and_hel
Training_Data/08-12-2026\C1--JHAMAL00016-031_69d3f8af8daaca38a7aa7f8b_2_1490_2026-07-13_15-47-55_shot01--00000-velocity--smooth.csv,5_no_features
Training_Data/08-12-2026\C1--JHAMAL00016-031_69d3f8af8daaca38a7aa7f8b_2_1490_2026-07-13_15-48-10_shot02--00000-velocity--smooth.csv,2_contains_spall
Training_Data/08-12-2026\C1--JHAMAL00016-031_69d3f8af8daaca38a7aa7f8b_2_1490_2026-07-13_15-48-23_shot03--00000-velocity--smooth.csv,5_no_features
Training_Data/08-12-2026\C1--JHAMAL00016-031_69d3f8af8daaca38a7aa7f8b_2_1490_2026-07-13_15-48-58_shot04--00000-velocity--smooth.csv,1_contains_hel
Training_Data/08-12-2026\C1--JHAMAL00016-031_69d3f8af8daaca38a7aa7f8b_2_1490_2026-07-13_15-49-11_shot05--00000-velocity--smooth.csv,5_no_features
Training_Data/08-12-2026\C1--JHAMAL00016-031_69d3f8af8daaca38a7aa7f8b_2_1490_2026-07-13_15-49-24_shot06--00000-velocity--smooth.csv,5_no_features
Training_Data/08-12-2026\C1--JHAMAL00016-031_69d3f8af8daaca38a7aa7f8b_2_1490_2026-07-13_15-49-37_shot07--00000-velocity--smooth.csv,2_contains_spall
Training_Data/08-12-2026\C1--JHAMAL00016-031_69d3f8af8daaca38a7aa7f8b_2_1490_2026-07-13_15-49-50_shot08--00000-velocity--smooth.csv,2_contains_spall
Training_Data/08-12-2026\C1--JHAMAL00016-031_69d3f8af8daaca38a7aa7f8b_2_1490_2026-07-13_15-50-04_shot09--00000-velocity--smooth.csv,5_no_features
Training_Data/08-12-2026\C1--JHAMAL00016-031_69d3f8af8daaca38a7aa7f8b_2_1490_2026-07-13_15-50-17_shot10--00000-velocity--smooth.csv,2_contains_spall
Training_Data/08-12-2026\C1--JHAMAL00016-031_69d3f8af8daaca38a7aa7f8b_2_1490_2026-07-13_15-50-31_shot11--00000-velocity--smooth.csv,6_reject
Training_Data/08-12-2026\C1--JHAMAL00016-031_69d3f8af8daaca38a7aa7f8b_2_1490_2026-07-13_15-50-44_shot12--00000-velocity--smooth.csv,5_no_features
Training_Data/08-12-2026\C1--JHAMAL00016-031_69d3f8af8daaca38a7aa7f8b_2_1490_2026-07-13_15-50-57_shot13--00000-velocity--smooth.csv,5_no_features
Training_Data/08-12-2026\C1--JHAMAL00016-031_69d3f8af8daaca38a7aa7f8b_2_1490_2026-07-13_15-51-20_shot14--00000-velocity--smooth.csv,5_no_features
Training_Data/08-12-2026\C1--JHAMAL00016-031_69d3f8af8daaca38a7aa7f8b_2_1490_2026-07-13_15-51-33_shot15--00000-velocity--smooth.csv,1_contains_hel
Training_Data/08-12-2026\C1--JHAMAL00016-031_69d3f8af8daaca38a7aa7f8b_2_1490_2026-07-13_15-51-47_shot16--00000-velocity--smooth.csv,2_contains_spall
Training_Data/08-12-2026\C1--JHAMAL00016-031_69d3f8af8daaca38a7aa7f8b_2_1490_2026-07-13_15-52-00_shot17--00000-velocity--smooth.csv,2_contains_spall
Training_Data/08-12-2026\C1--JHAMAL00016-031_69d3f8af8daaca38a7aa7f8b_2_1490_2026-07-13_15-52-23_shot18--00000-velocity--smooth.csv,2_contains_spall
Training_Data/08-12-2026\C1--JHAMAL00016-031_69d3f8af8daaca38a7aa7f8b_2_1490_2026-07-13_15-52-37_shot19--00000-velocity--smooth.csv,5_no_features
Training_Data/08-12-2026\C1--JHAMAL00016-031_69d3f8af8daaca38a7aa7f8b_2_1490_2026-07-13_15-52-50_shot20--00000-velocity--smooth.csv,6_reject
Training_Data/08-12-2026\C1--JHAMAL00016-031_69d3f8af8daaca38a7aa7f8b_2_1490_2026-07-13_15-53-03_shot21--00000-velocity--smooth.csv,2_contains_spall
Training_Data/08-12-2026\C1--JHAMAL00016-031_69d3f8af8daaca38a7aa7f8b_2_1490_2026-07-13_15-53-17_shot22--00000-velocity--smooth.csv,2_contains_spall
Training_Data/08-12-2026\C1--JHAMAL00016-032_69d3f8af8daaca38a7aa7f8c_2_1490_2026-07-13_15-56-42_shot01--00000-velocity--smooth.csv,3_contains_spall_and_hel
Training_Data/08-12-2026\C1--JHAMAL00016-032_69d3f8af8daaca38a7aa7f8c_2_1490_2026-07-13_15-56-55_shot02--00000-velocity--smooth.csv,5_no_features
Training_Data/08-12-2026\C1--JHAMAL00016-032_69d3f8af8daaca38a7aa7f8c_2_1490_2026-07-13_15-57-09_shot03--00000-velocity--smooth.csv,3_contains_spall_and_hel
Training_Data/08-12-2026\C1--JHAMAL00016-032_69d3f8af8daaca38a7aa7f8c_2_1490_2026-07-13_15-57-22_shot04--00000-velocity--smooth.csv,2_contains_spall
Training_Data/08-12-2026\C1--JHAMAL00016-032_69d3f8af8daaca38a7aa7f8c_2_1490_2026-07-13_15-57-35_shot05--00000-velocity--smooth.csv,5_no_features
Training_Data/08-12-2026\C1--JHAMAL00016-032_69d3f8af8daaca38a7aa7f8c_2_1490_2026-07-13_15-57-48_shot06--00000-velocity--smooth.csv,2_contains_spall
Training_Data/08-12-2026\C1--JHAMAL00016-032_69d3f8af8daaca38a7aa7f8c_2_1490_2026-07-13_15-58-02_shot07--00000-velocity--smooth.csv,2_contains_spall
Training_Data/08-12-2026\C1--JHAMAL00016-032_69d3f8af8daaca38a7aa7f8c_2_1490_2026-07-13_15-58-15_shot08--00000-velocity--smooth.csv,2_contains_spall
Training_Data/08-12-2026\C1--JHAMAL00016-032_69d3f8af8daaca38a7aa7f8c_2_1490_2026-07-13_15-58-28_shot09--00000-velocity--smooth.csv,5_no_features
Training_Data/08-12-2026\C1--JHAMAL00016-032_69d3f8af8daaca38a7aa7f8c_2_1490_2026-07-13_15-58-42_shot10--00000-velocity--smooth.csv,5_no_features
Training_Data/08-12-2026\C1--JHAMAL00016-032_69d3f8af8daaca38a7aa7f8c_2_1490_2026-07-13_15-58-55_shot11--00000-velocity--smooth.csv,5_no_features
Training_Data/08-12-2026\C1--JHAMAL00016-032_69d3f8af8daaca38a7aa7f8c_2_1490_2026-07-13_15-59-08_shot12--00000-velocity--smooth.csv,2_contains_spall
Training_Data/08-12-2026\C1--JHAMAL00016-032_69d3f8af8daaca38a7aa7f8c_2_1490_2026-07-13_15-59-21_shot13--00000-velocity--smooth.csv,5_no_features
Training_Data/08-12-2026\C1--JHAMAL00016-032_69d3f8af8daaca38a7aa7f8c_2_1490_2026-07-13_15-59-34_shot14--00000-velocity--smooth.csv,3_contains_spall_and_hel
Training_Data/08-12-2026\C1--JHAMAL00016-032_69d3f8af8daaca38a7aa7f8c_2_1490_2026-07-13_15-59-48_shot15--00000-velocity--smooth.csv,2_contains_spall
Training_Data/08-12-2026\C1--JHAMAL00016-032_69d3f8af8daaca38a7aa7f8c_2_1490_2026-07-13_16-00-01_shot16--00000-velocity--smooth.csv,5_no_features
Training_Data/08-12-2026\C1--JHAMAL00016-032_69d3f8af8daaca38a7aa7f8c_2_1490_2026-07-13_16-00-14_shot17--00000-velocity--smooth.csv,2_contains_spall
Training_Data/08-12-2026\C1--JHAMAL00016-032_69d3f8af8daaca38a7aa7f8c_2_1490_2026-07-13_16-00-27_shot18--00000-velocity--smooth.csv,5_no_features
Training_Data/08-12-2026\C1--JHAMAL00016-032_69d3f8af8daaca38a7aa7f8c_2_1490_2026-07-13_16-00-41_shot19--00000-velocity--smooth.csv,5_no_features
Training_Data/08-12-2026\C1--JHAMAL00016-032_69d3f8af8daaca38a7aa7f8c_2_1490_2026-07-13_16-00-54_shot20--00000-velocity--smooth.csv,5_no_features
Training_Data/08-12-2026\C1--JHAMAL00016-032_69d3f8af8daaca38a7aa7f8c_2_1490_2026-07-13_16-01-07_shot21--00000-velocity--smooth.csv,2_contains_spall
Training_Data/08-12-2026\C1--JHAMAL00016-032_69d3f8af8daaca38a7aa7f8c_2_1490_2026-07-13_16-01-21_shot22--00000-velocity--smooth.csv,5_no_features
Training_Data/08-12-2026\C1--JHAMAL00016-032_69d3f8af8daaca38a7aa7f8c_2_1490_2026-07-13_16-01-34_shot23--00000-velocity--smooth.csv,5_no_features
Training_Data/08-12-2026\C1--JHAMAL00016-032_69d3f8af8daaca38a7aa7f8c_2_1490_2026-07-13_16-01-47_shot24--00000-velocity--smooth.csv,3_contains_spall_and_hel
Training_Data/08-12-2026\C1--JHAMAL00016-033_69d3f8af8daaca38a7aa7f8d_2_1500_2026-07-14_14-06-53_shot01--00000-velocity--smooth.csv,2_contains_spall
Training_Data/08-12-2026\C1--JHAMAL00016-033_69d3f8af8daaca38a7aa7f8d_2_1500_2026-07-14_14-07-27_shot02--00000-velocity--smooth.csv,2_contains_spall
Training_Data/08-12-2026\C1--JHAMAL00016-033_69d3f8af8daaca38a7aa7f8d_2_1500_2026-07-14_14-08-43_shot03--00000-velocity--smooth.csv,2_contains_spall
Training_Data/08-12-2026\C1--JHAMAL00016-033_69d3f8af8daaca38a7aa7f8d_2_1500_2026-07-14_14-10-21_shot04--00000-velocity--smooth.csv,5_no_features
Training_Data/08-12-2026\C1--JHAMAL00016-033_69d3f8af8daaca38a7aa7f8d_2_1500_2026-07-14_14-10-34_shot05--00000-velocity--smooth.csv,2_contains_spall
Training_Data/08-12-2026\C1--JHAMAL00016-033_69d3f8af8daaca38a7aa7f8d_2_1500_2026-07-14_14-10-50_shot06--00000-velocity--smooth.csv,2_contains_spall
Training_Data/08-12-2026\C1--JHAMAL00016-033_69d3f8af8daaca38a7aa7f8d_2_1500_2026-07-14_14-11-05_shot07--00000-velocity--smooth.csv,2_contains_spall
Training_Data/08-12-2026\C1--JHAMAL00016-033_69d3f8af8daaca38a7aa7f8d_2_1500_2026-07-14_14-11-17_shot08--00000-velocity--smooth.csv,6_reject
Training_Data/08-12-2026\C1--JHAMAL00016-033_69d3f8af8daaca38a7aa7f8d_2_1500_2026-07-14_14-11-33_shot09--00000-velocity--smooth.csv,2_contains_spall
Training_Data/08-12-2026\C1--JHAMAL00016-033_69d3f8af8daaca38a7aa7f8d_2_1500_2026-07-14_14-11-46_shot10--00000-velocity--smooth.csv,5_no_features
Training_Data/08-12-2026\C1--JHAMAL00016-033_69d3f8af8daaca38a7aa7f8d_2_1500_2026-07-14_14-11-59_shot11--00000-velocity--smooth.csv,2_contains_spall
Training_Data/08-12-2026\C1--JHAMAL00016-033_69d3f8af8daaca38a7aa7f8d_2_1500_2026-07-14_14-12-54_shot12--00000-velocity--smooth.csv,5_no_features
Training_Data/08-12-2026\C1--JHAMAL00016-033_69d3f8af8daaca38a7aa7f8d_2_1500_2026-07-14_14-13-55_shot13--00000-velocity--smooth.csv,5_no_features
Training_Data/08-12-2026\C1--JHAMAL00016-034_69d3f8af8daaca38a7aa7f8e_2_1500_2026-07-14_14-34-54_shot01--00000-velocity--smooth.csv,5_no_features
Training_Data/08-12-2026\C1--JHAMAL00016-034_69d3f8af8daaca38a7aa7f8e_2_1500_2026-07-14_14-35-07_shot02--00000-velocity--smooth.csv,2_contains_spall
Training_Data/08-12-2026\C1--JHAMAL00016-034_69d3f8af8daaca38a7aa7f8e_2_1500_2026-07-14_14-35-42_shot03--00000-velocity--smooth.csv,5_no_features
Training_Data/08-12-2026\C1--JHAMAL00016-034_69d3f8af8daaca38a7aa7f8e_2_1500_2026-07-14_14-35-55_shot04--00000-velocity--smooth.csv,2_contains_spall
Training_Data/08-12-2026\C1--JHAMAL00016-034_69d3f8af8daaca38a7aa7f8e_2_1500_2026-07-14_14-36-29_shot05--00000-velocity--smooth.csv,5_no_features
Training_Data/08-12-2026\C1--JHAMAL00016-034_69d3f8af8daaca38a7aa7f8e_2_1500_2026-07-14_14-36-46_shot06--00000-velocity--smooth.csv,2_contains_spall
Training_Data/08-12-2026\C1--JHAMAL00016-034_69d3f8af8daaca38a7aa7f8e_2_1500_2026-07-14_14-36-59_shot07--00000-velocity--smooth.csv,5_no_features
Training_Data/08-12-2026\C1--JHAMAL00016-034_69d3f8af8daaca38a7aa7f8e_2_1500_2026-07-14_14-37-17_shot08--00000-velocity--smooth.csv,3_contains_spall_and_hel
Training_Data/08-12-2026\C1--JHAMAL00016-034_69d3f8af8daaca38a7aa7f8e_2_1500_2026-07-14_14-37-30_shot09--00000-velocity--smooth.csv,3_contains_spall_and_hel
Training_Data/08-12-2026\C1--JHAMAL00016-034_69d3f8af8daaca38a7aa7f8e_2_1500_2026-07-14_14-38-04_shot10--00000-velocity--smooth.csv,3_contains_spall_and_hel
Training_Data/08-12-2026\C1--JHAMAL00016-034_69d3f8af8daaca38a7aa7f8e_2_1500_2026-07-14_14-38-17_shot11--00000-velocity--smooth.csv,2_contains_spall
Training_Data/08-12-2026\C1--JHAMAL00016-034_69d3f8af8daaca38a7aa7f8e_2_1500_2026-07-14_14-38-30_shot12--00000-velocity--smooth.csv,5_no_features
Training_Data/08-12-2026\C1--JHAMAL00016-034_69d3f8af8daaca38a7aa7f8e_2_1500_2026-07-14_14-38-43_shot13--00000-velocity--smooth.csv,1_contains_hel
Training_Data/08-12-2026\C1--JHAMAL00016-034_69d3f8af8daaca38a7aa7f8e_2_1500_2026-07-14_14-38-57_shot14--00000-velocity--smooth.csv,5_no_features
Training_Data/08-12-2026\C1--JHAMAL00016-034_69d3f8af8daaca38a7aa7f8e_2_1500_2026-07-14_14-39-18_shot15--00000-velocity--smooth.csv,6_reject
Training_Data/08-12-2026\C1--JHAMAL00016-034_69d3f8af8daaca38a7aa7f8e_2_1500_2026-07-14_14-39-31_shot16--00000-velocity--smooth.csv,5_no_features
Training_Data/08-12-2026\C1--JHAMAL00016-034_69d3f8af8daaca38a7aa7f8e_2_1500_2026-07-14_14-39-45_shot17--00000-velocity--smooth.csv,5_no_features
Training_Data/08-12-2026\C1--JHAMAL00016-034_69d3f8af8daaca38a7aa7f8e_2_1500_2026-07-14_14-40-23_shot18--00000-velocity--smooth.csv,6_reject
Training_Data/08-12-2026\C1--JHAMAL00016-035_69d3f8af8daaca38a7aa7f8f_2_1500_2026-07-14_14-44-16_shot01--00000-velocity--smooth.csv,2_contains_spall
Training_Data/08-12-2026\C1--JHAMAL00016-035_69d3f8af8daaca38a7aa7f8f_2_1500_2026-07-14_14-44-29_shot02--00000-velocity--smooth.csv,2_contains_spall
Training_Data/08-12-2026\C1--JHAMAL00016-035_69d3f8af8daaca38a7aa7f8f_2_1500_2026-07-14_14-44-44_shot03--00000-velocity--smooth.csv,6_reject
Training_Data/08-12-2026\C1--JHAMAL00016-035_69d3f8af8daaca38a7aa7f8f_2_1500_2026-07-14_14-44-57_shot04--00000-velocity--smooth.csv,1_contains_hel
Training_Data/08-12-2026\C1--JHAMAL00016-035_69d3f8af8daaca38a7aa7f8f_2_1500_2026-07-14_14-45-31_shot05--00000-velocity--smooth.csv,5_no_features
Training_Data/08-12-2026\C1--JHAMAL00016-035_69d3f8af8daaca38a7aa7f8f_2_1500_2026-07-14_14-45-44_shot06--00000-velocity--smooth.csv,5_no_features
Training_Data/08-12-2026\C1--JHAMAL00016-035_69d3f8af8daaca38a7aa7f8f_2_1500_2026-07-14_14-45-57_shot07--00000-velocity--smooth.csv,2_contains_spall
Training_Data/08-12-2026\C1--JHAMAL00016-035_69d3f8af8daaca38a7aa7f8f_2_1500_2026-07-14_14-46-11_shot08--00000-velocity--smooth.csv,3_contains_spall_and_hel
Training_Data/08-12-2026\C1--JHAMAL00016-035_69d3f8af8daaca38a7aa7f8f_2_1500_2026-07-14_14-46-24_shot09--00000-velocity--smooth.csv,2_contains_spall
Training_Data/08-12-2026\C1--JHAMAL00016-035_69d3f8af8daaca38a7aa7f8f_2_1500_2026-07-14_14-46-44_shot10--00000-velocity--smooth.csv,2_contains_spall
Training_Data/08-12-2026\C1--JHAMAL00016-035_69d3f8af8daaca38a7aa7f8f_2_1500_2026-07-14_14-47-18_shot11--00000-velocity--smooth.csv,2_contains_spall
Training_Data/08-12-2026\C1--JHAMAL00016-035_69d3f8af8daaca38a7aa7f8f_2_1500_2026-07-14_14-47-31_shot12--00000-velocity--smooth.csv,2_contains_spall
Training_Data/08-12-2026\C1--JHAMAL00016-035_69d3f8af8daaca38a7aa7f8f_2_1500_2026-07-14_14-47-45_shot13--00000-velocity--smooth.csv,6_reject
Training_Data/08-12-2026\C1--JHAMAL00016-035_69d3f8af8daaca38a7aa7f8f_2_1500_2026-07-14_14-48-19_shot14--00000-velocity--smooth.csv,3_contains_spall_and_hel
Training_Data/08-12-2026\C1--JHAMAL00016-035_69d3f8af8daaca38a7aa7f8f_2_1500_2026-07-14_14-48-32_shot15--00000-velocity--smooth.csv,3_contains_spall_and_hel
Training_Data/08-12-2026\C1--JHAMAL00016-035_69d3f8af8daaca38a7aa7f8f_2_1500_2026-07-14_14-48-55_shot16--00000-velocity--smooth.csv,5_no_features
Training_Data/08-12-2026\C1--JHAMAL00016-035_69d3f8af8daaca38a7aa7f8f_2_1500_2026-07-14_14-49-09_shot17--00000-velocity--smooth.csv,2_contains_spall
Training_Data/08-12-2026\C1--JHAMAL00016-035_69d3f8af8daaca38a7aa7f8f_2_1500_2026-07-14_14-50-47_shot18--00000-velocity--smooth.csv,1_contains_hel
Training_Data/08-12-2026\C1--JHAMAL00016-036_69d3f8af8daaca38a7aa7f90_2_1500_2026-07-14_15-17-37_shot01--00000-velocity--smooth.csv,2_contains_spall
Training_Data/08-12-2026\C1--JHAMAL00016-036_69d3f8af8daaca38a7aa7f90_2_1500_2026-07-14_15-17-51_shot02--00000-velocity--smooth.csv,3_contains_spall_and_hel
Training_Data/08-12-2026\C1--JHAMAL00016-036_69d3f8af8daaca38a7aa7f90_2_1500_2026-07-14_15-18-04_shot03--00000-velocity--smooth.csv,5_no_features
Training_Data/08-12-2026\C1--JHAMAL00016-036_69d3f8af8daaca38a7aa7f90_2_1500_2026-07-14_15-18-18_shot04--00000-velocity--smooth.csv,6_reject
Training_Data/08-12-2026\C1--JHAMAL00016-036_69d3f8af8daaca38a7aa7f90_2_1500_2026-07-14_15-18-31_shot05--00000-velocity--smooth.csv,2_contains_spall
Training_Data/08-12-2026\C1--JHAMAL00016-036_69d3f8af8daaca38a7aa7f90_2_1500_2026-07-14_15-18-44_shot06--00000-velocity--smooth.csv,2_contains_spall
Training_Data/08-12-2026\C1--JHAMAL00016-036_69d3f8af8daaca38a7aa7f90_2_1500_2026-07-14_15-18-58_shot07--00000-velocity--smooth.csv,2_contains_spall
Training_Data/08-12-2026\C1--JHAMAL00016-036_69d3f8af8daaca38a7aa7f90_2_1500_2026-07-14_15-19-20_shot08--00000-velocity--smooth.csv,3_contains_spall_and_hel
Training_Data/08-12-2026\C1--JHAMAL00016-036_69d3f8af8daaca38a7aa7f90_2_1500_2026-07-14_15-19-34_shot09--00000-velocity--smooth.csv,1_contains_hel
Training_Data/08-12-2026\C1--JHAMAL00016-036_69d3f8af8daaca38a7aa7f90_2_1500_2026-07-14_15-19-47_shot10--00000-velocity--smooth.csv,2_contains_spall
Training_Data/08-12-2026\C1--JHAMAL00016-036_69d3f8af8daaca38a7aa7f90_2_1500_2026-07-14_15-20-00_shot11--00000-velocity--smooth.csv,2_contains_spall
Training_Data/08-12-2026\C1--JHAMAL00016-036_69d3f8af8daaca38a7aa7f90_2_1500_2026-07-14_15-20-13_shot12--00000-velocity--smooth.csv,5_no_features
Training_Data/08-12-2026\C1--JHAMAL00016-036_69d3f8af8daaca38a7aa7f90_2_1500_2026-07-14_15-20-26_shot13--00000-velocity--smooth.csv,5_no_features
Training_Data/08-12-2026\C1--JHAMAL00016-036_69d3f8af8daaca38a7aa7f90_2_1500_2026-07-14_15-20-39_shot14--00000-velocity--smooth.csv,2_contains_spall
Training_Data/08-12-2026\C1--JHAMAL00016-036_69d3f8af8daaca38a7aa7f90_2_1500_2026-07-14_15-20-53_shot15--00000-velocity--smooth.csv,5_no_features
Training_Data/08-12-2026\C1--JHAMAL00016-036_69d3f8af8daaca38a7aa7f90_2_1500_2026-07-14_15-21-06_shot16--00000-velocity--smooth.csv,2_contains_spall
Training_Data/08-12-2026\C1--JHAMAL00016-036_69d3f8af8daaca38a7aa7f90_2_1500_2026-07-14_15-21-21_shot17--00000-velocity--smooth.csv,1_contains_hel
Training_Data/08-12-2026\C1--JHAMAL00016-036_69d3f8af8daaca38a7aa7f90_2_1500_2026-07-14_15-21-34_shot18--00000-velocity--smooth.csv,5_no_features
Training_Data/08-12-2026\C1--JHAMAL00016-036_69d3f8af8daaca38a7aa7f90_2_1500_2026-07-14_15-21-48_shot19--00000-velocity--smooth.csv,5_no_features
Training_Data/08-12-2026\C1--JHAMAL00016-036_69d3f8af8daaca38a7aa7f90_2_1500_2026-07-14_15-22-01_shot20--00000-velocity--smooth.csv,5_no_features
Training_Data/08-12-2026\C1--JHAMAL00016-036_69d3f8af8daaca38a7aa7f90_2_1500_2026-07-14_15-22-14_shot21--00000-velocity--smooth.csv,6_reject
Training_Data/08-12-2026\C1--JHAMAL00016-036_69d3f8af8daaca38a7aa7f90_2_1500_2026-07-14_15-22-27_shot22--00000-velocity--smooth.csv,2_contains_spall
Training_Data/08-12-2026\C1--JHAMAL00016-036_69d3f8af8daaca38a7aa7f90_2_1500_2026-07-14_15-22-41_shot23--00000-velocity--smooth.csv,6_reject
Training_Data/08-12-2026\C1--JHAMAL00016-036_69d3f8af8daaca38a7aa7f90_2_1500_2026-07-14_15-22-54_shot24--00000-velocity--smooth.csv,5_no_features
Training_Data/08-12-2026\C1--JHAMAL00016-037_69d3f8af8daaca38a7aa7f91_2_1500_2026-07-14_15-26-17_shot01--00000-velocity--smooth.csv,6_reject
Training_Data/08-12-2026\C1--JHAMAL00016-037_69d3f8af8daaca38a7aa7f91_2_1500_2026-07-14_15-26-31_shot02--00000-velocity--smooth.csv,2_contains_spall
Training_Data/08-12-2026\C1--JHAMAL00016-037_69d3f8af8daaca38a7aa7f91_2_1500_2026-07-14_15-26-48_shot03--00000-velocity--smooth.csv,2_contains_spall
Training_Data/08-12-2026\C1--JHAMAL00016-037_69d3f8af8daaca38a7aa7f91_2_1500_2026-07-14_15-27-03_shot04--00000-velocity--smooth.csv,2_contains_spall
Training_Data/08-12-2026\C1--JHAMAL00016-037_69d3f8af8daaca38a7aa7f91_2_1500_2026-07-14_15-27-37_shot05--00000-velocity--smooth.csv,5_no_features
Training_Data/08-12-2026\C1--JHAMAL00016-037_69d3f8af8daaca38a7aa7f91_2_1500_2026-07-14_15-27-51_shot06--00000-velocity--smooth.csv,5_no_features
Training_Data/08-12-2026\C1--JHAMAL00016-037_69d3f8af8daaca38a7aa7f91_2_1500_2026-07-14_15-28-04_shot07--00000-velocity--smooth.csv,6_reject
Training_Data/08-12-2026\C1--JHAMAL00016-037_69d3f8af8daaca38a7aa7f91_2_1500_2026-07-14_15-28-38_shot08--00000-velocity--smooth.csv,5_no_features
Training_Data/08-12-2026\C1--JHAMAL00016-037_69d3f8af8daaca38a7aa7f91_2_1500_2026-07-14_15-28-51_shot09--00000-velocity--smooth.csv,5_no_features
Training_Data/08-12-2026\C1--JHAMAL00016-037_69d3f8af8daaca38a7aa7f91_2_1500_2026-07-14_15-29-05_shot10--00000-velocity--smooth.csv,6_reject
Training_Data/08-12-2026\C1--JHAMAL00016-037_69d3f8af8daaca38a7aa7f91_2_1500_2026-07-14_15-29-18_shot11--00000-velocity--smooth.csv,5_no_features
Training_Data/08-12-2026\C1--JHAMAL00016-037_69d3f8af8daaca38a7aa7f91_2_1500_2026-07-14_15-29-32_shot12--00000-velocity--smooth.csv,5_no_features
Training_Data/08-12-2026\C1--JHAMAL00016-037_69d3f8af8daaca38a7aa7f91_2_1500_2026-07-14_15-30-06_shot13--00000-velocity--smooth.csv,2_contains_spall
Training_Data/08-12-2026\C1--JHAMAL00016-037_69d3f8af8daaca38a7aa7f91_2_1500_2026-07-14_15-30-20_shot14--00000-velocity--smooth.csv,6_reject
Training_Data/08-12-2026\C1--JHAMAL00016-037_69d3f8af8daaca38a7aa7f91_2_1500_2026-07-14_15-30-33_shot15--00000-velocity--smooth.csv,5_no_features
Training_Data/08-12-2026\C1--JHAMAL00016-037_69d3f8af8daaca38a7aa7f91_2_1500_2026-07-14_15-30-46_shot16--00000-velocity--smooth.csv,5_no_features
Training_Data/08-12-2026\C1--JHAMAL00016-037_69d3f8af8daaca38a7aa7f91_2_1500_2026-07-14_15-31-00_shot17--00000-velocity--smooth.csv,5_no_features
Training_Data/08-12-2026\C1--JHAMAL00016-037_69d3f8af8daaca38a7aa7f91_2_1500_2026-07-14_15-31-13_shot18--00000-velocity--smooth.csv,1_contains_hel
Training_Data/08-12-2026\C1--JHAMAL00016-037_69d3f8af8daaca38a7aa7f91_2_1500_2026-07-14_15-31-47_shot19--00000-velocity--smooth.csv,5_no_features
Training_Data/08-12-2026\C1--JHAMAL00016-037_69d3f8af8daaca38a7aa7f91_2_1500_2026-07-14_15-32-00_shot20--00000-velocity--smooth.csv,2_contains_spall
Training_Data/08-12-2026\C1--JHAMAL00016-037_69d3f8af8daaca38a7aa7f91_2_1500_2026-07-14_15-32-14_shot21--00000-velocity--smooth.csv,5_no_features
Training_Data/08-12-2026\C1--JHAMAL00016-038_69d3f8af8daaca38a7aa7f92_2_1500_2026-07-14_16-34-35_shot01--00000-velocity--smooth.csv,2_contains_spall
Training_Data/08-12-2026\C1--JHAMAL00016-039_69d3f8af8daaca38a7aa7f93_0_1503_2026-07-14_15-41-11_shot01--00000-velocity--smooth.csv,5_no_features
Training_Data/08-12-2026\C1--JHAMAL00016-039_69d3f8af8daaca38a7aa7f93_0_1503_2026-07-14_15-41-25_shot02--00000-velocity--smooth.csv,5_no_features
Training_Data/08-12-2026\C1--JHAMAL00016-039_69d3f8af8daaca38a7aa7f93_0_1503_2026-07-14_15-43-02_shot03--00000-velocity--smooth.csv,2_contains_spall
Training_Data/08-12-2026\C1--JHAMAL00016-039_69d3f8af8daaca38a7aa7f93_0_1503_2026-07-14_15-43-16_shot04--00000-velocity--smooth.csv,5_no_features
Training_Data/08-12-2026\C1--JHAMAL00016-039_69d3f8af8daaca38a7aa7f93_0_1503_2026-07-14_15-43-30_shot05--00000-velocity--smooth.csv,2_contains_spall
Training_Data/08-12-2026\C1--JHAMAL00016-040_69d3f8af8daaca38a7aa7f94_0_1503_2026-07-14_16-41-02_shot01--00000-velocity--smooth.csv,2_contains_spall
Training_Data/08-12-2026\C1--JHAMAL00016-040_69d3f8af8daaca38a7aa7f94_0_1503_2026-07-14_16-41-16_shot02--00000-velocity--smooth.csv,2_contains_spall
Training_Data/08-12-2026\C1--JHAMAL00016-040_69d3f8af8daaca38a7aa7f94_0_1503_2026-07-14_16-41-50_shot03--00000-velocity--smooth.csv,2_contains_spall
Training_Data/08-12-2026\C1--JHAMAL00016-040_69d3f8af8daaca38a7aa7f94_0_1503_2026-07-14_16-42-24_shot04--00000-velocity--smooth.csv,2_contains_spall
Training_Data/08-12-2026\C1--JHAMAL00016-040_69d3f8af8daaca38a7aa7f94_0_1503_2026-07-14_16-42-38_shot05--00000-velocity--smooth.csv,2_contains_spall
Training_Data/08-12-2026\C1--JHAMAL00016-040_69d3f8af8daaca38a7aa7f94_0_1503_2026-07-14_16-42-51_shot06--00000-velocity--smooth.csv,5_no_features
Training_Data/08-12-2026\C1--JHAMAL00016-040_69d3f8af8daaca38a7aa7f94_0_1503_2026-07-14_16-43-04_shot07--00000-velocity--smooth.csv,2_contains_spall
Training_Data/08-12-2026\C1--JHAMAL00016-040_69d3f8af8daaca38a7aa7f94_0_1503_2026-07-14_16-43-20_shot08--00000-velocity--smooth.csv,5_no_features
Training_Data/08-12-2026\C1--JHAMAL00016-040_69d3f8af8daaca38a7aa7f94_0_1503_2026-07-14_16-43-33_shot09--00000-velocity--smooth.csv,2_contains_spall
Training_Data/08-12-2026\C1--JHAMAL00016-040_69d3f8af8daaca38a7aa7f94_0_1503_2026-07-14_16-43-46_shot10--00000-velocity--smooth.csv,2_contains_spall
Training_Data/08-12-2026\C1--JHAMAL00016-040_69d3f8af8daaca38a7aa7f94_0_1503_2026-07-14_16-44-42_shot11--00000-velocity--smooth.csv,5_no_features
Training_Data/08-12-2026\C1--JHAMAL00016-040_69d3f8af8daaca38a7aa7f94_0_1503_2026-07-14_16-44-55_shot12--00000-velocity--smooth.csv,5_no_features
Training_Data/08-12-2026\C1--JHAMAL00016-040_69d3f8af8daaca38a7aa7f94_0_1503_2026-07-14_16-45-29_shot13--00000-velocity--smooth.csv,5_no_features
Training_Data/08-12-2026\C1--JHAMAL00016-040_69d3f8af8daaca38a7aa7f94_0_1503_2026-07-14_16-45-42_shot14--00000-velocity--smooth.csv,2_contains_spall
Training_Data/08-12-2026\C1--JHAMAL00016-040_69d3f8af8daaca38a7aa7f94_0_1503_2026-07-14_16-47-41_shot15--00000-velocity--smooth.csv,5_no_features
Training_Data/08-12-2026\C1--JHAMAL00016-041_69d3f8af8daaca38a7aa7f95_1_1983_2026-07-29_16-54-09_shot01--00000-velocity--smooth.csv,1_contains_hel
Training_Data/08-12-2026\C1--JHAMAL00016-041_69d3f8af8daaca38a7aa7f95_1_1983_2026-07-29_16-54-22_shot02--00000-velocity--smooth.csv,5_no_features
Training_Data/08-12-2026\C1--JHAMAL00016-041_69d3f8af8daaca38a7aa7f95_1_1983_2026-07-29_16-54-35_shot03--00000-velocity--smooth.csv,5_no_features
Training_Data/08-12-2026\C1--JHAMAL00016-041_69d3f8af8daaca38a7aa7f95_1_1983_2026-07-29_16-54-49_shot04--00000-velocity--smooth.csv,1_contains_hel
Training_Data/08-12-2026\C1--JHAMAL00016-041_69d3f8af8daaca38a7aa7f95_1_1983_2026-07-29_16-55-02_shot05--00000-velocity--smooth.csv,1_contains_hel
Training_Data/08-12-2026\C1--JHAMAL00016-041_69d3f8af8daaca38a7aa7f95_1_1983_2026-07-29_16-55-15_shot06--00000-velocity--smooth.csv,1_contains_hel
Training_Data/08-12-2026\C1--JHAMAL00016-041_69d3f8af8daaca38a7aa7f95_1_1983_2026-07-29_16-55-29_shot07--00000-velocity--smooth.csv,5_no_features
Training_Data/08-12-2026\C1--JHAMAL00016-041_69d3f8af8daaca38a7aa7f95_1_1983_2026-07-29_16-55-42_shot08--00000-velocity--smooth.csv,2_contains_spall
Training_Data/08-12-2026\C1--JHAMAL00016-041_69d3f8af8daaca38a7aa7f95_1_1983_2026-07-29_16-55-55_shot09--00000-velocity--smooth.csv,1_contains_hel
Training_Data/08-12-2026\C1--JHAMAL00016-041_69d3f8af8daaca38a7aa7f95_1_1983_2026-07-29_16-56-09_shot10--00000-velocity--smooth.csv,1_contains_hel
Training_Data/08-12-2026\C1--JHAMAL00016-041_69d3f8af8daaca38a7aa7f95_1_1983_2026-07-29_16-56-22_shot11--00000-velocity--smooth.csv,1_contains_hel
Training_Data/08-12-2026\C1--JHAMAL00016-041_69d3f8af8daaca38a7aa7f95_1_1983_2026-07-29_16-56-35_shot12--00000-velocity--smooth.csv,5_no_features
Training_Data/08-12-2026\C1--JHAMAL00016-041_69d3f8af8daaca38a7aa7f95_1_1983_2026-07-29_16-56-48_shot13--00000-velocity--smooth.csv,5_no_features
Training_Data/08-12-2026\C1--JHAMAL00016-041_69d3f8af8daaca38a7aa7f95_1_1983_2026-07-29_16-57-02_shot14--00000-velocity--smooth.csv,5_no_features
Training_Data/08-12-2026\C1--JHAMAL00016-041_69d3f8af8daaca38a7aa7f95_1_1983_2026-07-29_16-57-15_shot15--00000-velocity--smooth.csv,1_contains_hel
Training_Data/08-12-2026\C1--JHAMAL00016-041_69d3f8af8daaca38a7aa7f95_1_1983_2026-07-29_16-57-28_shot16--00000-velocity--smooth.csv,5_no_features
Training_Data/08-12-2026\C1--JHAMAL00016-041_69d3f8af8daaca38a7aa7f95_1_1983_2026-07-29_16-57-41_shot17--00000-velocity--smooth.csv,1_contains_hel
Training_Data/08-12-2026\C1--JHAMAL00016-041_69d3f8af8daaca38a7aa7f95_1_1983_2026-07-29_16-57-55_shot18--00000-velocity--smooth.csv,1_contains_hel
Training_Data/08-12-2026\C1--JHAMAL00016-041_69d3f8af8daaca38a7aa7f95_1_1983_2026-07-29_16-58-08_shot19--00000-velocity--smooth.csv,1_contains_hel
Training_Data/08-12-2026\C1--JHAMAL00016-041_69d3f8af8daaca38a7aa7f95_1_1983_2026-07-29_16-58-21_shot20--00000-velocity--smooth.csv,1_contains_hel
Training_Data/08-12-2026\C1--JHAMAL00016-041_69d3f8af8daaca38a7aa7f95_1_1983_2026-07-29_16-58-34_shot21--00000-velocity--smooth.csv,1_contains_hel
Training_Data/08-12-2026\C1--JHAMAL00016-041_69d3f8af8daaca38a7aa7f95_1_1983_2026-07-29_16-58-47_shot22--00000-velocity--smooth.csv,6_reject
Training_Data/08-12-2026\C1--JHAMAL00016-041_69d3f8af8daaca38a7aa7f95_1_1983_2026-07-29_16-59-00_shot23--00000-velocity--smooth.csv,1_contains_hel
Training_Data/08-12-2026\C1--JHAMAL00016-041_69d3f8af8daaca38a7aa7f95_1_1983_2026-07-29_16-59-13_shot24--00000-velocity--smooth.csv,1_contains_hel
Training_Data/08-12-2026\C1--JHAMAL00016-041_69d3f8af8daaca38a7aa7f95_1_1983_2026-07-29_16-59-27_shot25--00000-velocity--smooth.csv,1_contains_hel
Training_Data/08-12-2026\C1--JHAMAL00016-042_69d3f8af8daaca38a7aa7f96_1_1982_2026-07-29_16-47-11_shot01--00000-velocity--smooth.csv,1_contains_hel
Training_Data/08-12-2026\C1--JHAMAL00016-042_69d3f8af8daaca38a7aa7f96_1_1982_2026-07-29_16-47-25_shot02--00000-velocity--smooth.csv,2_contains_spall
Training_Data/08-12-2026\C1--JHAMAL00016-042_69d3f8af8daaca38a7aa7f96_1_1982_2026-07-29_16-47-38_shot03--00000-velocity--smooth.csv,2_contains_spall
Training_Data/08-12-2026\C1--JHAMAL00016-042_69d3f8af8daaca38a7aa7f96_1_1982_2026-07-29_16-48-12_shot04--00000-velocity--smooth.csv,2_contains_spall
Training_Data/08-12-2026\C1--JHAMAL00016-042_69d3f8af8daaca38a7aa7f96_1_1982_2026-07-29_16-48-46_shot05--00000-velocity--smooth.csv,2_contains_spall
Training_Data/08-12-2026\C1--JHAMAL00016-042_69d3f8af8daaca38a7aa7f96_1_1982_2026-07-29_16-49-00_shot06--00000-velocity--smooth.csv,2_contains_spall
Training_Data/08-12-2026\C1--JHAMAL00016-042_69d3f8af8daaca38a7aa7f96_1_1982_2026-07-29_16-49-35_shot07--00000-velocity--smooth.csv,2_contains_spall
Training_Data/08-12-2026\C1--JHAMAL00016-042_69d3f8af8daaca38a7aa7f96_1_1982_2026-07-29_16-49-48_shot08--00000-velocity--smooth.csv,2_contains_spall
Training_Data/08-12-2026\C1--JHAMAL00016-042_69d3f8af8daaca38a7aa7f96_1_1982_2026-07-29_16-50-22_shot09--00000-velocity--smooth.csv,5_no_features
Training_Data/08-12-2026\C1--JHAMAL00016-042_69d3f8af8daaca38a7aa7f96_1_1982_2026-07-29_16-50-36_shot10--00000-velocity--smooth.csv,2_contains_spall
Training_Data/08-12-2026\C1--JHAMAL00016-043_69d3f8af8daaca38a7aa7f97_1_1982_2026-07-29_16-32-01_shot01--00000-velocity--smooth.csv,4_velocity_shot
Training_Data/08-12-2026\C1--JHAMAL00016-043_69d3f8af8daaca38a7aa7f97_1_1982_2026-07-29_16-33-22_shot02--00000-velocity--smooth.csv,4_velocity_shot
Training_Data/08-12-2026\C1--JHAMAL00016-043_69d3f8af8daaca38a7aa7f97_1_1982_2026-07-29_16-35-27_shot03--00000-velocity--smooth.csv,4_velocity_shot
Training_Data/08-12-2026\C1--JHAMAL00016-044_69d3f8af8daaca38a7aa7f98_1_1982_2026-07-29_16-05-11_shot01--00000-velocity--smooth.csv,2_contains_spall
Training_Data/08-12-2026\C1--JHAMAL00016-044_69d3f8af8daaca38a7aa7f98_1_1982_2026-07-29_16-05-24_shot02--00000-velocity--smooth.csv,6_reject
Training_Data/08-12-2026\C1--JHAMAL00016-044_69d3f8af8daaca38a7aa7f98_1_1982_2026-07-29_16-05-36_shot03--00000-velocity--smooth.csv,2_contains_spall
Training_Data/08-12-2026\C1--JHAMAL00016-044_69d3f8af8daaca38a7aa7f98_1_1982_2026-07-29_16-05-49_shot04--00000-velocity--smooth.csv,2_contains_spall
Training_Data/08-12-2026\C1--JHAMAL00016-044_69d3f8af8daaca38a7aa7f98_1_1982_2026-07-29_16-06-03_shot05--00000-velocity--smooth.csv,6_reject
Training_Data/08-12-2026\C1--JHAMAL00016-044_69d3f8af8daaca38a7aa7f98_1_1982_2026-07-29_16-06-16_shot06--00000-velocity--smooth.csv,3_contains_spall_and_hel
Training_Data/08-12-2026\C1--JHAMAL00016-044_69d3f8af8daaca38a7aa7f98_1_1982_2026-07-29_16-06-29_shot07--00000-velocity--smooth.csv,2_contains_spall
Training_Data/08-12-2026\C1--JHAMAL00016-044_69d3f8af8daaca38a7aa7f98_1_1982_2026-07-29_16-06-43_shot08--00000-velocity--smooth.csv,2_contains_spall
Training_Data/08-12-2026\C1--JHAMAL00016-044_69d3f8af8daaca38a7aa7f98_1_1982_2026-07-29_16-06-56_shot09--00000-velocity--smooth.csv,2_contains_spall
Training_Data/08-12-2026\C1--JHAMAL00016-044_69d3f8af8daaca38a7aa7f98_1_1982_2026-07-29_16-07-15_shot10--00000-velocity--smooth.csv,2_contains_spall
Training_Data/08-12-2026\C1--JHAMAL00016-044_69d3f8af8daaca38a7aa7f98_1_1982_2026-07-29_16-07-28_shot11--00000-velocity--smooth.csv,5_no_features
Training_Data/08-12-2026\C1--JHAMAL00016-044_69d3f8af8daaca38a7aa7f98_1_1982_2026-07-29_16-07-41_shot12--00000-velocity--smooth.csv,2_contains_spall
Training_Data/08-12-2026\C1--JHAMAL00016-044_69d3f8af8daaca38a7aa7f98_1_1982_2026-07-29_16-07-54_shot13--00000-velocity--smooth.csv,2_contains_spall
Training_Data/08-12-2026\C1--JHAMAL00016-044_69d3f8af8daaca38a7aa7f98_1_1982_2026-07-29_16-08-08_shot14--00000-velocity--smooth.csv,2_contains_spall
Training_Data/08-12-2026\C1--JHAMAL00016-044_69d3f8af8daaca38a7aa7f98_1_1982_2026-07-29_16-08-42_shot15--00000-velocity--smooth.csv,2_contains_spall
Training_Data/08-12-2026\C1--JHAMAL00016-044_69d3f8af8daaca38a7aa7f98_1_1982_2026-07-29_16-08-55_shot16--00000-velocity--smooth.csv,2_contains_spall
Training_Data/08-12-2026\C1--JHAMAL00016-044_69d3f8af8daaca38a7aa7f98_1_1982_2026-07-29_16-09-08_shot17--00000-velocity--smooth.csv,2_contains_spall
Training_Data/08-12-2026\C1--JHAMAL00016-044_69d3f8af8daaca38a7aa7f98_1_1982_2026-07-29_16-09-21_shot18--00000-velocity--smooth.csv,2_contains_spall
Training_Data/08-12-2026\C1--JHAMAL00016-044_69d3f8af8daaca38a7aa7f98_1_1982_2026-07-29_16-09-35_shot19--00000-velocity--smooth.csv,5_no_features
Training_Data/08-12-2026\C1--JHAMAL00016-044_69d3f8af8daaca38a7aa7f98_1_1982_2026-07-29_16-09-48_shot20--00000-velocity--smooth.csv,5_no_features
Training_Data/08-12-2026\C1--JHAMAL00016-044_69d3f8af8daaca38a7aa7f98_1_1982_2026-07-29_16-10-01_shot21--00000-velocity--smooth.csv,5_no_features
Training_Data/08-12-2026\C1--JHAMAL00016-044_69d3f8af8daaca38a7aa7f98_1_1982_2026-07-29_16-10-14_shot22--00000-velocity--smooth.csv,2_contains_spall
Training_Data/08-12-2026\C1--JHAMAL00016-044_69d3f8af8daaca38a7aa7f98_1_1982_2026-07-29_16-10-27_shot23--00000-velocity--smooth.csv,2_contains_spall
Training_Data/08-12-2026\C1--JHAMAL00016-044_69d3f8af8daaca38a7aa7f98_1_1982_2026-07-29_16-10-40_shot24--00000-velocity--smooth.csv,2_contains_spall
Training_Data/08-12-2026\C1--JHAMAL00016-045_69d3f8af8daaca38a7aa7f99_2_1926_2026-07-22_17-56-29_shot01--00000-velocity--smooth.csv,2_contains_spall
Training_Data/08-12-2026\C1--JHAMAL00016-045_69d3f8af8daaca38a7aa7f99_2_1926_2026-07-22_17-56-42_shot02--00000-velocity--smooth.csv,2_contains_spall
Training_Data/08-12-2026\C1--JHAMAL00016-045_69d3f8af8daaca38a7aa7f99_2_1926_2026-07-22_17-56-55_shot03--00000-velocity--smooth.csv,1_contains_hel
Training_Data/08-12-2026\C1--JHAMAL00016-045_69d3f8af8daaca38a7aa7f99_2_1926_2026-07-22_17-57-09_shot04--00000-velocity--smooth.csv,6_reject
Training_Data/08-12-2026\C1--JHAMAL00016-045_69d3f8af8daaca38a7aa7f99_2_1926_2026-07-22_17-57-22_shot05--00000-velocity--smooth.csv,1_contains_hel
Training_Data/08-12-2026\C1--JHAMAL00016-045_69d3f8af8daaca38a7aa7f99_2_1926_2026-07-22_17-57-35_shot06--00000-velocity--smooth.csv,1_contains_hel
Training_Data/08-12-2026\C1--JHAMAL00016-045_69d3f8af8daaca38a7aa7f99_2_1926_2026-07-22_17-57-48_shot07--00000-velocity--smooth.csv,5_no_features
Training_Data/08-12-2026\C1--JHAMAL00016-045_69d3f8af8daaca38a7aa7f99_2_1926_2026-07-22_17-58-01_shot08--00000-velocity--smooth.csv,3_contains_spall_and_hel
Training_Data/08-12-2026\C1--JHAMAL00016-045_69d3f8af8daaca38a7aa7f99_2_1926_2026-07-22_17-58-14_shot09--00000-velocity--smooth.csv,3_contains_spall_and_hel
Training_Data/08-12-2026\C1--JHAMAL00016-045_69d3f8af8daaca38a7aa7f99_2_1926_2026-07-22_17-58-29_shot10--00000-velocity--smooth.csv,3_contains_spall_and_hel
Training_Data/08-12-2026\C1--JHAMAL00016-045_69d3f8af8daaca38a7aa7f99_2_1926_2026-07-22_17-58-42_shot11--00000-velocity--smooth.csv,1_contains_hel
Training_Data/08-12-2026\C1--JHAMAL00016-045_69d3f8af8daaca38a7aa7f99_2_1926_2026-07-22_17-58-55_shot12--00000-velocity--smooth.csv,3_contains_spall_and_hel
Training_Data/08-12-2026\C1--JHAMAL00016-045_69d3f8af8daaca38a7aa7f99_2_1926_2026-07-22_17-59-09_shot13--00000-velocity--smooth.csv,3_contains_spall_and_hel
Training_Data/08-12-2026\C1--JHAMAL00016-045_69d3f8af8daaca38a7aa7f99_2_1926_2026-07-22_17-59-22_shot14--00000-velocity--smooth.csv,3_contains_spall_and_hel
Training_Data/08-12-2026\C1--JHAMAL00016-045_69d3f8af8daaca38a7aa7f99_2_1926_2026-07-22_17-59-35_shot15--00000-velocity--smooth.csv,3_contains_spall_and_hel
Training_Data/08-12-2026\C1--JHAMAL00016-045_69d3f8af8daaca38a7aa7f99_2_1926_2026-07-22_17-59-48_shot16--00000-velocity--smooth.csv,1_contains_hel
Training_Data/08-12-2026\C1--JHAMAL00016-045_69d3f8af8daaca38a7aa7f99_2_1926_2026-07-22_18-00-01_shot17--00000-velocity--smooth.csv,2_contains_spall
Training_Data/08-12-2026\C1--JHAMAL00016-045_69d3f8af8daaca38a7aa7f99_2_1926_2026-07-22_18-00-14_shot18--00000-velocity--smooth.csv,3_contains_spall_and_hel
Training_Data/08-12-2026\C1--JHAMAL00016-045_69d3f8af8daaca38a7aa7f99_2_1926_2026-07-22_18-00-28_shot19--00000-velocity--smooth.csv,1_contains_hel
Training_Data/08-12-2026\C1--JHAMAL00016-045_69d3f8af8daaca38a7aa7f99_2_1926_2026-07-22_18-00-41_shot20--00000-velocity--smooth.csv,1_contains_hel
Training_Data/08-12-2026\C1--JHAMAL00016-045_69d3f8af8daaca38a7aa7f99_2_1926_2026-07-22_18-00-54_shot21--00000-velocity--smooth.csv,1_contains_hel
Training_Data/08-12-2026\C1--JHAMAL00016-045_69d3f8af8daaca38a7aa7f99_2_1926_2026-07-22_18-01-07_shot22--00000-velocity--smooth.csv,1_contains_hel
Training_Data/08-12-2026\C1--JHAMAL00016-045_69d3f8af8daaca38a7aa7f99_2_1926_2026-07-22_18-01-20_shot23--00000-velocity--smooth.csv,3_contains_spall_and_hel
Training_Data/08-12-2026\C1--JHAMAL00016-045_69d3f8af8daaca38a7aa7f99_2_1926_2026-07-22_18-01-55_shot24--00000-velocity--smooth.csv,1_contains_hel
Training_Data/08-12-2026\C1--JHAMAL00016-046_69d3f8af8daaca38a7aa7f9a_2_1926_2026-07-22_17-09-34_shot01--00000-velocity--smooth.csv,4_velocity_shot
Training_Data/08-12-2026\C1--JHAMAL00016-046_69d3f8af8daaca38a7aa7f9a_2_1926_2026-07-22_17-10-08_shot02--00000-velocity--smooth.csv,4_velocity_shot
Training_Data/08-12-2026\C1--JHAMAL00016-046_69d3f8af8daaca38a7aa7f9a_2_1926_2026-07-22_17-12-49_shot03--00000-velocity--smooth.csv,4_velocity_shot
Training_Data/08-12-2026\C1--JHAMAL00016-046_69d3f8af8daaca38a7aa7f9a_2_1926_2026-07-22_17-14-59_shot04--00000-velocity--smooth.csv,4_velocity_shot
Training_Data/08-12-2026\C1--JHAMAL00016-047_69d3f8af8daaca38a7aa7f9b_1_1983_2026-07-29_17-18-54_shot01--00000-velocity--smooth.csv,1_contains_hel
Training_Data/08-12-2026\C1--JHAMAL00016-047_69d3f8af8daaca38a7aa7f9b_1_1983_2026-07-29_17-19-07_shot02--00000-velocity--smooth.csv,5_no_features
Training_Data/08-12-2026\C1--JHAMAL00016-047_69d3f8af8daaca38a7aa7f9b_1_1983_2026-07-29_17-19-21_shot03--00000-velocity--smooth.csv,5_no_features
Training_Data/08-12-2026\C1--JHAMAL00016-047_69d3f8af8daaca38a7aa7f9b_1_1983_2026-07-29_17-19-34_shot04--00000-velocity--smooth.csv,1_contains_hel
Training_Data/08-12-2026\C1--JHAMAL00016-047_69d3f8af8daaca38a7aa7f9b_1_1983_2026-07-29_17-19-47_shot05--00000-velocity--smooth.csv,3_contains_spall_and_hel
Training_Data/08-12-2026\C1--JHAMAL00016-047_69d3f8af8daaca38a7aa7f9b_1_1983_2026-07-29_17-20-00_shot06--00000-velocity--smooth.csv,5_no_features
Training_Data/08-12-2026\C1--JHAMAL00016-047_69d3f8af8daaca38a7aa7f9b_1_1983_2026-07-29_17-20-14_shot07--00000-velocity--smooth.csv,3_contains_spall_and_hel
Training_Data/08-12-2026\C1--JHAMAL00016-047_69d3f8af8daaca38a7aa7f9b_1_1983_2026-07-29_17-20-27_shot08--00000-velocity--smooth.csv,5_no_features
Training_Data/08-12-2026\C1--JHAMAL00016-047_69d3f8af8daaca38a7aa7f9b_1_1983_2026-07-29_17-20-40_shot09--00000-velocity--smooth.csv,1_contains_hel
Training_Data/08-12-2026\C1--JHAMAL00016-047_69d3f8af8daaca38a7aa7f9b_1_1983_2026-07-29_17-20-53_shot10--00000-velocity--smooth.csv,6_reject
Training_Data/08-12-2026\C1--JHAMAL00016-047_69d3f8af8daaca38a7aa7f9b_1_1983_2026-07-29_17-21-06_shot11--00000-velocity--smooth.csv,1_contains_hel
Training_Data/08-12-2026\C1--JHAMAL00016-047_69d3f8af8daaca38a7aa7f9b_1_1983_2026-07-29_17-21-19_shot12--00000-velocity--smooth.csv,1_contains_hel
Training_Data/08-12-2026\C1--JHAMAL00016-047_69d3f8af8daaca38a7aa7f9b_1_1983_2026-07-29_17-21-33_shot13--00000-velocity--smooth.csv,5_no_features
Training_Data/08-12-2026\C1--JHAMAL00016-047_69d3f8af8daaca38a7aa7f9b_1_1983_2026-07-29_17-21-46_shot14--00000-velocity--smooth.csv,1_contains_hel
Training_Data/08-12-2026\C1--JHAMAL00016-047_69d3f8af8daaca38a7aa7f9b_1_1983_2026-07-29_17-22-09_shot15--00000-velocity--smooth.csv,1_contains_hel
Training_Data/08-12-2026\C1--JHAMAL00016-047_69d3f8af8daaca38a7aa7f9b_1_1983_2026-07-29_17-22-22_shot16--00000-velocity--smooth.csv,1_contains_hel
Training_Data/08-12-2026\C1--JHAMAL00016-047_69d3f8af8daaca38a7aa7f9b_1_1983_2026-07-29_17-22-34_shot17--00000-velocity--smooth.csv,1_contains_hel
Training_Data/08-12-2026\C1--JHAMAL00016-047_69d3f8af8daaca38a7aa7f9b_1_1983_2026-07-29_17-22-47_shot18--00000-velocity--smooth.csv,6_reject
Training_Data/08-12-2026\C1--JHAMAL00016-047_69d3f8af8daaca38a7aa7f9b_1_1983_2026-07-29_17-23-19_shot19--00000-velocity--smooth.csv,1_contains_hel
Training_Data/08-12-2026\C1--JHAMAL00016-047_69d3f8af8daaca38a7aa7f9b_1_1983_2026-07-29_17-23-42_shot20--00000-velocity--smooth.csv,3_contains_spall_and_hel
Training_Data/08-12-2026\C1--JHAMAL00016-048_69d3f8af8daaca38a7aa7f9c_0_1993_2026-08-05_19-49-33_shot01--00000-velocity--smooth.csv,3_contains_spall_and_hel
Training_Data/08-12-2026\C1--JHAMAL00016-048_69d3f8af8daaca38a7aa7f9c_0_1993_2026-08-05_19-49-46_shot02--00000-velocity--smooth.csv,3_contains_spall_and_hel
Training_Data/08-12-2026\C1--JHAMAL00016-048_69d3f8af8daaca38a7aa7f9c_0_1993_2026-08-05_19-49-59_shot03--00000-velocity--smooth.csv,3_contains_spall_and_hel
Training_Data/08-12-2026\C1--JHAMAL00016-048_69d3f8af8daaca38a7aa7f9c_0_1993_2026-08-05_19-50-11_shot04--00000-velocity--smooth.csv,1_contains_hel
Training_Data/08-12-2026\C1--JHAMAL00016-048_69d3f8af8daaca38a7aa7f9c_0_1993_2026-08-05_19-50-24_shot05--00000-velocity--smooth.csv,1_contains_hel
Training_Data/08-12-2026\C1--JHAMAL00016-048_69d3f8af8daaca38a7aa7f9c_0_1993_2026-08-05_19-50-38_shot06--00000-velocity--smooth.csv,3_contains_spall_and_hel
Training_Data/08-12-2026\C1--JHAMAL00016-048_69d3f8af8daaca38a7aa7f9c_0_1993_2026-08-05_19-50-50_shot07--00000-velocity--smooth.csv,5_no_features
Training_Data/08-12-2026\C1--JHAMAL00016-048_69d3f8af8daaca38a7aa7f9c_0_1993_2026-08-05_19-51-03_shot08--00000-velocity--smooth.csv,1_contains_hel
Training_Data/08-12-2026\C1--JHAMAL00016-048_69d3f8af8daaca38a7aa7f9c_0_1993_2026-08-05_19-51-16_shot09--00000-velocity--smooth.csv,1_contains_hel
Training_Data/08-12-2026\C1--JHAMAL00016-048_69d3f8af8daaca38a7aa7f9c_0_1993_2026-08-05_19-51-29_shot10--00000-velocity--smooth.csv,1_contains_hel
Training_Data/08-12-2026\C1--JHAMAL00016-048_69d3f8af8daaca38a7aa7f9c_0_1993_2026-08-05_19-51-43_shot11--00000-velocity--smooth.csv,3_contains_spall_and_hel
Training_Data/08-12-2026\C1--JHAMAL00016-048_69d3f8af8daaca38a7aa7f9c_0_1993_2026-08-05_19-51-55_shot12--00000-velocity--smooth.csv,1_contains_hel
Training_Data/08-12-2026\C1--JHAMAL00016-048_69d3f8af8daaca38a7aa7f9c_0_1993_2026-08-05_19-52-08_shot13--00000-velocity--smooth.csv,1_contains_hel
Training_Data/08-12-2026\C1--JHAMAL00016-048_69d3f8af8daaca38a7aa7f9c_0_1993_2026-08-05_19-52-20_shot14--00000-velocity--smooth.csv,4_velocity_shot
Training_Data/08-12-2026\C1--JHAMAL00016-048_69d3f8af8daaca38a7aa7f9c_0_1993_2026-08-05_19-52-33_shot15--00000-velocity--smooth.csv,4_velocity_shot
Training_Data/08-12-2026\C1--JHAMAL00016-048_69d3f8af8daaca38a7aa7f9c_0_1993_2026-08-05_19-52-47_shot16--00000-velocity--smooth.csv,3_contains_spall_and_hel
Training_Data/08-12-2026\C1--JHAMAL00016-048_69d3f8af8daaca38a7aa7f9c_0_1993_2026-08-05_19-52-59_shot17--00000-velocity--smooth.csv,1_contains_hel
Training_Data/08-12-2026\C1--JHAMAL00016-048_69d3f8af8daaca38a7aa7f9c_0_1993_2026-08-05_19-53-15_shot18--00000-velocity--smooth.csv,1_contains_hel
Training_Data/08-12-2026\C1--JHAMAL00016-048_69d3f8af8daaca38a7aa7f9c_0_1993_2026-08-05_19-53-28_shot19--00000-velocity--smooth.csv,1_contains_hel
Training_Data/08-12-2026\C1--JHAMAL00016-048_69d3f8af8daaca38a7aa7f9c_0_1993_2026-08-05_19-53-41_shot20--00000-velocity--smooth.csv,1_contains_hel
Training_Data/08-12-2026\C1--JHAMAL00016-048_69d3f8af8daaca38a7aa7f9c_0_1993_2026-08-05_19-53-56_shot21--00000-velocity--smooth.csv,2_contains_spall
Training_Data/08-12-2026\C1--JHAMAL00016-048_69d3f8af8daaca38a7aa7f9c_0_1993_2026-08-05_19-54-08_shot22--00000-velocity--smooth.csv,1_contains_hel
Training_Data/08-12-2026\C1--JHAMAL00016-048_69d3f8af8daaca38a7aa7f9c_0_1993_2026-08-05_19-54-21_shot23--00000-velocity--smooth.csv,1_contains_hel
Training_Data/08-12-2026\C1--JHAMAL00016-048_69d3f8af8daaca38a7aa7f9c_0_1993_2026-08-05_19-54-33_shot24--00000-velocity--smooth.csv,1_contains_hel
Training_Data/08-12-2026\C1--JHAMAL00016-048_69d3f8af8daaca38a7aa7f9c_0_1993_2026-08-05_19-54-46_shot25--00000-velocity--smooth.csv,1_contains_hel
Training_Data/08-12-2026\C1--JHAMAL00016-049_69d3f8af8daaca38a7aa7f9d_0_1993_2026-08-05_19-58-36_shot01--00000-velocity--smooth.csv,3_contains_spall_and_hel
Training_Data/08-12-2026\C1--JHAMAL00016-049_69d3f8af8daaca38a7aa7f9d_0_1993_2026-08-05_19-58-48_shot02--00000-velocity--smooth.csv,1_contains_hel
Training_Data/08-12-2026\C1--JHAMAL00016-049_69d3f8af8daaca38a7aa7f9d_0_1993_2026-08-05_19-59-01_shot03--00000-velocity--smooth.csv,1_contains_hel
Training_Data/08-12-2026\C1--JHAMAL00016-049_69d3f8af8daaca38a7aa7f9d_0_1993_2026-08-05_19-59-13_shot04--00000-velocity--smooth.csv,6_reject
Training_Data/08-12-2026\C1--JHAMAL00016-049_69d3f8af8daaca38a7aa7f9d_0_1993_2026-08-05_19-59-26_shot05--00000-velocity--smooth.csv,1_contains_hel
Training_Data/08-12-2026\C1--JHAMAL00016-049_69d3f8af8daaca38a7aa7f9d_0_1993_2026-08-05_19-59-40_shot06--00000-velocity--smooth.csv,1_contains_hel
Training_Data/08-12-2026\C1--JHAMAL00016-049_69d3f8af8daaca38a7aa7f9d_0_1993_2026-08-05_19-59-52_shot07--00000-velocity--smooth.csv,1_contains_hel
Training_Data/08-12-2026\C1--JHAMAL00016-049_69d3f8af8daaca38a7aa7f9d_0_1993_2026-08-05_20-00-04_shot08--00000-velocity--smooth.csv,1_contains_hel
Training_Data/08-12-2026\C1--JHAMAL00016-049_69d3f8af8daaca38a7aa7f9d_0_1993_2026-08-05_20-00-17_shot09--00000-velocity--smooth.csv,1_contains_hel
Training_Data/08-12-2026\C1--JHAMAL00016-049_69d3f8af8daaca38a7aa7f9d_0_1993_2026-08-05_20-00-29_shot10--00000-velocity--smooth.csv,1_contains_hel
Training_Data/08-12-2026\C1--JHAMAL00016-049_69d3f8af8daaca38a7aa7f9d_0_1993_2026-08-05_20-00-43_shot11--00000-velocity--smooth.csv,1_contains_hel
Training_Data/08-12-2026\C1--JHAMAL00016-049_69d3f8af8daaca38a7aa7f9d_0_1993_2026-08-05_20-00-56_shot12--00000-velocity--smooth.csv,1_contains_hel
Training_Data/08-12-2026\C1--JHAMAL00016-049_69d3f8af8daaca38a7aa7f9d_0_1993_2026-08-05_20-01-08_shot13--00000-velocity--smooth.csv,1_contains_hel
Training_Data/08-12-2026\C1--JHAMAL00016-049_69d3f8af8daaca38a7aa7f9d_0_1993_2026-08-05_20-01-21_shot14--00000-velocity--smooth.csv,1_contains_hel
Training_Data/08-12-2026\C1--JHAMAL00016-049_69d3f8af8daaca38a7aa7f9d_0_1993_2026-08-05_20-01-34_shot15--00000-velocity--smooth.csv,1_contains_hel
Training_Data/08-12-2026\C1--JHAMAL00016-049_69d3f8af8daaca38a7aa7f9d_0_1993_2026-08-05_20-01-48_shot16--00000-velocity--smooth.csv,1_contains_hel
Training_Data/08-12-2026\C1--JHAMAL00016-049_69d3f8af8daaca38a7aa7f9d_0_1993_2026-08-05_20-02-00_shot17--00000-velocity--smooth.csv,1_contains_hel
Training_Data/08-12-2026\C1--JHAMAL00016-049_69d3f8af8daaca38a7aa7f9d_0_1993_2026-08-05_20-02-13_shot18--00000-velocity--smooth.csv,1_contains_hel
Training_Data/08-12-2026\C1--JHAMAL00016-049_69d3f8af8daaca38a7aa7f9d_0_1993_2026-08-05_20-02-25_shot19--00000-velocity--smooth.csv,1_contains_hel
Training_Data/08-12-2026\C1--JHAMAL00016-049_69d3f8af8daaca38a7aa7f9d_0_1993_2026-08-05_20-02-38_shot20--00000-velocity--smooth.csv,1_contains_hel
Training_Data/08-12-2026\C1--JHAMAL00016-049_69d3f8af8daaca38a7aa7f9d_0_1993_2026-08-05_20-02-52_shot21--00000-velocity--smooth.csv,1_contains_hel
Training_Data/08-12-2026\C1--JHAMAL00016-049_69d3f8af8daaca38a7aa7f9d_0_1993_2026-08-05_20-03-04_shot22--00000-velocity--smooth.csv,1_contains_hel
Training_Data/08-12-2026\C1--JHAMAL00016-049_69d3f8af8daaca38a7aa7f9d_0_1993_2026-08-05_20-03-17_shot23--00000-velocity--smooth.csv,1_contains_hel
Training_Data/08-12-2026\C1--JHAMAL00016-049_69d3f8af8daaca38a7aa7f9d_0_1993_2026-08-05_20-03-50_shot24--00000-velocity--smooth.csv,1_contains_hel
Training_Data/08-12-2026\C1--JHAMAL00016-051_69d3f8af8daaca38a7aa7f9f_2_1926_2026-07-22_18-36-11_shot01--00000-velocity--smooth.csv,3_contains_spall_and_hel
Training_Data/08-12-2026\C1--JHAMAL00016-051_69d3f8af8daaca38a7aa7f9f_2_1926_2026-07-22_18-36-45_shot02--00000-velocity--smooth.csv,3_contains_spall_and_hel
Training_Data/08-12-2026\C1--JHAMAL00016-051_69d3f8af8daaca38a7aa7f9f_2_1926_2026-07-22_18-37-19_shot03--00000-velocity--smooth.csv,3_contains_spall_and_hel
Training_Data/08-12-2026\C1--JHAMAL00016-051_69d3f8af8daaca38a7aa7f9f_2_1926_2026-07-22_18-37-33_shot04--00000-velocity--smooth.csv,1_contains_hel
Training_Data/08-12-2026\C1--JHAMAL00016-051_69d3f8af8daaca38a7aa7f9f_2_1926_2026-07-22_18-37-46_shot05--00000-velocity--smooth.csv,3_contains_spall_and_hel
Training_Data/08-12-2026\C1--JHAMAL00016-051_69d3f8af8daaca38a7aa7f9f_2_1926_2026-07-22_18-37-59_shot06--00000-velocity--smooth.csv,3_contains_spall_and_hel
Training_Data/08-12-2026\C1--JHAMAL00016-051_69d3f8af8daaca38a7aa7f9f_2_1926_2026-07-22_18-38-13_shot07--00000-velocity--smooth.csv,2_contains_spall
Training_Data/08-12-2026\C1--JHAMAL00016-051_69d3f8af8daaca38a7aa7f9f_2_1926_2026-07-22_18-38-26_shot08--00000-velocity--smooth.csv,3_contains_spall_and_hel
Training_Data/08-12-2026\C1--JHAMAL00016-051_69d3f8af8daaca38a7aa7f9f_2_1926_2026-07-22_18-38-39_shot09--00000-velocity--smooth.csv,3_contains_spall_and_hel
Training_Data/08-12-2026\C1--JHAMAL00016-051_69d3f8af8daaca38a7aa7f9f_2_1926_2026-07-22_18-39-13_shot10--00000-velocity--smooth.csv,2_contains_spall
Training_Data/08-12-2026\C1--JHAMAL00016-051_69d3f8af8daaca38a7aa7f9f_2_1926_2026-07-22_18-39-26_shot11--00000-velocity--smooth.csv,3_contains_spall_and_hel
Training_Data/08-12-2026\C1--JHAMAL00016-051_69d3f8af8daaca38a7aa7f9f_2_1926_2026-07-22_18-39-40_shot12--00000-velocity--smooth.csv,1_contains_hel
Training_Data/08-12-2026\C1--JHAMAL00016-051_69d3f8af8daaca38a7aa7f9f_2_1926_2026-07-22_18-39-53_shot13--00000-velocity--smooth.csv,1_contains_hel
Training_Data/08-12-2026\C1--JHAMAL00016-051_69d3f8af8daaca38a7aa7f9f_2_1926_2026-07-22_18-40-06_shot14--00000-velocity--smooth.csv,5_no_features
Training_Data/08-12-2026\C1--JHAMAL00016-051_69d3f8af8daaca38a7aa7f9f_2_1926_2026-07-22_18-40-19_shot15--00000-velocity--smooth.csv,5_no_features
Training_Data/08-12-2026\C1--JHAMAL00016-051_69d3f8af8daaca38a7aa7f9f_2_1926_2026-07-22_18-40-33_shot16--00000-velocity--smooth.csv,1_contains_hel
Training_Data/08-12-2026\C1--JHAMAL00016-051_69d3f8af8daaca38a7aa7f9f_2_1926_2026-07-22_18-40-46_shot17--00000-velocity--smooth.csv,1_contains_hel
Training_Data/08-12-2026\C1--JHAMAL00016-051_69d3f8af8daaca38a7aa7f9f_2_1926_2026-07-22_18-40-59_shot18--00000-velocity--smooth.csv,3_contains_spall_and_hel
Training_Data/08-12-2026\C1--JHAMAL00016-051_69d3f8af8daaca38a7aa7f9f_2_1926_2026-07-22_18-41-12_shot19--00000-velocity--smooth.csv,1_contains_hel
Training_Data/08-12-2026\C1--JHAMAL00016-051_69d3f8af8daaca38a7aa7f9f_2_1926_2026-07-22_18-41-26_shot20--00000-velocity--smooth.csv,4_velocity_shot
Training_Data/08-12-2026\C1--JHAMAL00016-051_69d3f8af8daaca38a7aa7f9f_2_1926_2026-07-22_18-41-39_shot21--00000-velocity--smooth.csv,1_contains_hel
Training_Data/08-12-2026\C1--JHAMAL00016-051_69d3f8af8daaca38a7aa7f9f_2_1926_2026-07-22_18-41-52_shot22--00000-velocity--smooth.csv,1_contains_hel
Training_Data/08-12-2026\C1--JHAMAL00016-052_69d3f8af8daaca38a7aa7fa0_0_1993_2026-08-05_20-07-16_shot01--00000-velocity--smooth.csv,4_velocity_shot
Training_Data/08-12-2026\C1--JHAMAL00016-052_69d3f8af8daaca38a7aa7fa0_0_1993_2026-08-05_20-07-49_shot02--00000-velocity--smooth.csv,4_velocity_shot
Training_Data/08-12-2026\C1--JHAMAL00016-052_69d3f8af8daaca38a7aa7fa0_0_1993_2026-08-05_20-09-31_shot03--00000-velocity--smooth.csv,4_velocity_shot
Training_Data/08-12-2026\C1--JHAMAL00016-052_69d3f8af8daaca38a7aa7fa0_0_1993_2026-08-05_20-10-08_shot04--00000-velocity--smooth.csv,4_velocity_shot
Training_Data/08-12-2026\C1--JHAMAL00016-052_69d3f8af8daaca38a7aa7fa0_0_1993_2026-08-05_20-10-24_shot05--00000-velocity--smooth.csv,4_velocity_shot
Training_Data/08-12-2026\C1--JHAMAL00016-052_69d3f8af8daaca38a7aa7fa0_0_1993_2026-08-05_20-10-36_shot06--00000-velocity--smooth.csv,4_velocity_shot
Training_Data/08-12-2026\C1--JHAMAL00016-052_69d3f8af8daaca38a7aa7fa0_0_1993_2026-08-05_20-12-41_shot07--00000-velocity--smooth.csv,4_velocity_shot
Training_Data/08-12-2026\C1--JHAMAL00016-052_69d3f8af8daaca38a7aa7fa0_0_1993_2026-08-05_20-13-18_shot08--00000-velocity--smooth.csv,4_velocity_shot
Training_Data/08-12-2026\C1--JHAMAL00016-052_69d3f8af8daaca38a7aa7fa0_0_1993_2026-08-05_20-13-35_shot09--00000-velocity--smooth.csv,4_velocity_shot
Training_Data/08-12-2026\C1--JHAMAL00016-052_69d3f8af8daaca38a7aa7fa0_0_1993_2026-08-05_20-13-50_shot10--00000-velocity--smooth.csv,4_velocity_shot
Training_Data/08-12-2026\C1--JHAMAL00016-052_69d3f8af8daaca38a7aa7fa0_0_1993_2026-08-05_20-14-03_shot11--00000-velocity--smooth.csv,4_velocity_shot
Training_Data/08-12-2026\C1--JHAMAL00016-052_69d3f8af8daaca38a7aa7fa0_0_1993_2026-08-05_20-14-19_shot12--00000-velocity--smooth.csv,4_velocity_shot
Training_Data/08-12-2026\C1--JHAMAL00016-052_69d3f8af8daaca38a7aa7fa0_0_1993_2026-08-05_20-14-33_shot13--00000-velocity--smooth.csv,4_velocity_shot
Training_Data/08-12-2026\C1--JHAMAL00016-059_69d3f8af8daaca38a7aa7fa7_1_1982_2026-07-29_15-52-49_shot01--00000-velocity--smooth.csv,5_no_features
Training_Data/08-12-2026\C1--JHAMAL00016-059_69d3f8af8daaca38a7aa7fa7_1_1982_2026-07-29_15-53-03_shot02--00000-velocity--smooth.csv,5_no_features
Training_Data/08-12-2026\C1--JHAMAL00016-059_69d3f8af8daaca38a7aa7fa7_1_1982_2026-07-29_15-53-17_shot03--00000-velocity--smooth.csv,5_no_features
Training_Data/08-12-2026\C1--JHAMAL00016-059_69d3f8af8daaca38a7aa7fa7_1_1982_2026-07-29_15-53-31_shot04--00000-velocity--smooth.csv,5_no_features
Training_Data/08-12-2026\C1--JHAMAL00016-059_69d3f8af8daaca38a7aa7fa7_1_1982_2026-07-29_15-53-46_shot05--00000-velocity--smooth.csv,5_no_features
Training_Data/08-12-2026\C1--JHAMAL00016-059_69d3f8af8daaca38a7aa7fa7_1_1982_2026-07-29_15-53-59_shot06--00000-velocity--smooth.csv,5_no_features
Training_Data/08-12-2026\C1--JHAMAL00016-059_69d3f8af8daaca38a7aa7fa7_1_1982_2026-07-29_15-54-12_shot07--00000-velocity--smooth.csv,5_no_features
Training_Data/08-12-2026\C1--JHAMAL00016-059_69d3f8af8daaca38a7aa7fa7_1_1982_2026-07-29_15-54-26_shot08--00000-velocity--smooth.csv,5_no_features
Training_Data/08-12-2026\C1--JHAMAL00016-059_69d3f8af8daaca38a7aa7fa7_1_1982_2026-07-29_15-54-40_shot09--00000-velocity--smooth.csv,5_no_features
Training_Data/08-12-2026\C1--JHAMAL00016-059_69d3f8af8daaca38a7aa7fa7_1_1982_2026-07-29_15-54-54_shot10--00000-velocity--smooth.csv,5_no_features
Training_Data/08-12-2026\C1--JHAMAL00016-059_69d3f8af8daaca38a7aa7fa7_1_1982_2026-07-29_15-55-07_shot11--00000-velocity--smooth.csv,5_no_features
Training_Data/08-12-2026\C1--JHAMAL00016-059_69d3f8af8daaca38a7aa7fa7_1_1982_2026-07-29_15-55-21_shot12--00000-velocity--smooth.csv,5_no_features
Training_Data/08-12-2026\C1--JHAMAL00016-059_69d3f8af8daaca38a7aa7fa7_1_1982_2026-07-29_15-55-35_shot13--00000-velocity--smooth.csv,5_no_features
Training_Data/08-12-2026\C1--JHAMAL00016-059_69d3f8af8daaca38a7aa7fa7_1_1982_2026-07-29_15-55-49_shot14--00000-velocity--smooth.csv,5_no_features
Training_Data/08-12-2026\C1--JHAMAL00016-059_69d3f8af8daaca38a7aa7fa7_1_1982_2026-07-29_15-56-03_shot15--00000-velocity--smooth.csv,5_no_features
Training_Data/08-12-2026\C1--JHAMAL00016-059_69d3f8af8daaca38a7aa7fa7_1_1982_2026-07-29_15-56-16_shot16--00000-velocity--smooth.csv,2_contains_spall
Training_Data/08-12-2026\C1--JHAMAL00016-059_69d3f8af8daaca38a7aa7fa7_1_1982_2026-07-29_15-56-30_shot17--00000-velocity--smooth.csv,2_contains_spall
Training_Data/08-12-2026\C1--JHAMAL00016-059_69d3f8af8daaca38a7aa7fa7_1_1982_2026-07-29_15-56-43_shot18--00000-velocity--smooth.csv,2_contains_spall
Training_Data/08-12-2026\C1--JHAMAL00016-059_69d3f8af8daaca38a7aa7fa7_1_1982_2026-07-29_15-56-56_shot19--00000-velocity--smooth.csv,2_contains_spall
Training_Data/08-12-2026\C1--JHAMAL00016-059_69d3f8af8daaca38a7aa7fa7_1_1982_2026-07-29_15-57-09_shot20--00000-velocity--smooth.csv,2_contains_spall
Training_Data/08-12-2026\C1--JHAMAL00016-059_69d3f8af8daaca38a7aa7fa7_1_1982_2026-07-29_15-57-22_shot21--00000-velocity--smooth.csv,2_contains_spall
Training_Data/08-12-2026\C1--JHAMAL00016-059_69d3f8af8daaca38a7aa7fa7_1_1982_2026-07-29_15-57-35_shot22--00000-velocity--smooth.csv,3_contains_spall_and_hel
Training_Data/08-12-2026\C1--JHAMAL00016-059_69d3f8af8daaca38a7aa7fa7_1_1982_2026-07-29_15-57-48_shot23--00000-velocity--smooth.csv,2_contains_spall
Training_Data/08-12-2026\C1--JHAMAL00016-059_69d3f8af8daaca38a7aa7fa7_1_1982_2026-07-29_15-58-01_shot24--00000-velocity--smooth.csv,2_contains_spall
Training_Data/08-12-2026\C1--JHAMAL00016-059_69d3f8af8daaca38a7aa7fa7_1_1982_2026-07-29_15-58-15_shot25--00000-velocity--smooth.csv,2_contains_spall
Training_Data/08-12-2026\C1--JHAMAL00016-063_69d3f8af8daaca38a7aa7fab_0_1503_2026-07-14_17-17-25_shot01--00000-velocity--smooth.csv,5_no_features
Training_Data/08-12-2026\C1--JHAMAL00016-063_69d3f8af8daaca38a7aa7fab_0_1503_2026-07-14_17-17-39_shot02--00000-velocity--smooth.csv,5_no_features
Training_Data/08-12-2026\C1--JHAMAL00016-063_69d3f8af8daaca38a7aa7fab_0_1503_2026-07-14_17-17-52_shot03--00000-velocity--smooth.csv,6_reject
Training_Data/08-12-2026\C1--JHAMAL00016-063_69d3f8af8daaca38a7aa7fab_0_1503_2026-07-14_17-18-06_shot04--00000-velocity--smooth.csv,3_contains_spall_and_hel
Training_Data/08-12-2026\C1--JHAMAL00016-063_69d3f8af8daaca38a7aa7fab_0_1503_2026-07-14_17-18-20_shot05--00000-velocity--smooth.csv,6_reject
Training_Data/08-12-2026\C1--JHAMAL00016-063_69d3f8af8daaca38a7aa7fab_0_1503_2026-07-14_17-18-33_shot06--00000-velocity--smooth.csv,1_contains_hel
Training_Data/08-12-2026\C1--JHAMAL00016-063_69d3f8af8daaca38a7aa7fab_0_1503_2026-07-14_17-18-47_shot07--00000-velocity--smooth.csv,5_no_features
Training_Data/08-12-2026\C1--JHAMAL00016-063_69d3f8af8daaca38a7aa7fab_0_1503_2026-07-14_17-19-00_shot08--00000-velocity--smooth.csv,5_no_features
Training_Data/08-12-2026\C1--JHAMAL00016-063_69d3f8af8daaca38a7aa7fab_0_1503_2026-07-14_17-19-15_shot09--00000-velocity--smooth.csv,1_contains_hel
Training_Data/08-12-2026\C1--JHAMAL00016-063_69d3f8af8daaca38a7aa7fab_0_1503_2026-07-14_17-19-49_shot10--00000-velocity--smooth.csv,5_no_features
Training_Data/08-12-2026\C1--JHAMAL00016-063_69d3f8af8daaca38a7aa7fab_0_1503_2026-07-14_17-20-02_shot11--00000-velocity--smooth.csv,5_no_features
Training_Data/08-12-2026\C1--JHAMAL00016-063_69d3f8af8daaca38a7aa7fab_0_1503_2026-07-14_17-20-15_shot12--00000-velocity--smooth.csv,2_contains_spall
Training_Data/08-12-2026\C1--JHAMAL00016-063_69d3f8af8daaca38a7aa7fab_0_1503_2026-07-14_17-20-28_shot13--00000-velocity--smooth.csv,5_no_features
Training_Data/08-12-2026\C1--JHAMAL00016-063_69d3f8af8daaca38a7aa7fab_0_1503_2026-07-14_17-20-43_shot14--00000-velocity--smooth.csv,3_contains_spall_and_hel
Training_Data/08-12-2026\C1--JHAMAL00016-063_69d3f8af8daaca38a7aa7fab_0_1503_2026-07-14_17-20-57_shot15--00000-velocity--smooth.csv,5_no_features
Training_Data/08-12-2026\C1--JHAMAL00016-063_69d3f8af8daaca38a7aa7fab_0_1503_2026-07-14_17-21-10_shot16--00000-velocity--smooth.csv,2_contains_spall
Training_Data/08-12-2026\C1--JHAMAL00016-063_69d3f8af8daaca38a7aa7fab_0_1503_2026-07-14_17-21-23_shot17--00000-velocity--smooth.csv,1_contains_hel
Training_Data/08-12-2026\C1--JHAMAL00016-063_69d3f8af8daaca38a7aa7fab_0_1503_2026-07-14_17-21-58_shot18--00000-velocity--smooth.csv,2_contains_spall
Training_Data/08-12-2026\C1--JHAMAL00016-063_69d3f8af8daaca38a7aa7fab_0_1503_2026-07-14_17-22-11_shot19--00000-velocity--smooth.csv,5_no_features
Training_Data/08-12-2026\C1--JHAMAL00016-063_69d3f8af8daaca38a7aa7fab_0_1503_2026-07-14_17-22-25_shot20--00000-velocity--smooth.csv,5_no_features
Training_Data/08-12-2026\C1--JHAMAL00016-063_69d3f8af8daaca38a7aa7fab_0_1503_2026-07-14_17-22-39_shot21--00000-velocity--smooth.csv,5_no_features
Training_Data/08-12-2026\C1--JHAMAL00016-063_69d3f8af8daaca38a7aa7fab_0_1503_2026-07-14_17-23-13_shot22--00000-velocity--smooth.csv,2_contains_spall
Training_Data/08-12-2026\C1--JHAMAL00016-065_69d3f8af8daaca38a7aa7fad_2_1926_2026-07-22_18-45-18_shot01--00000-velocity--smooth.csv,1_contains_hel
Training_Data/08-12-2026\C1--JHAMAL00016-065_69d3f8af8daaca38a7aa7fad_2_1926_2026-07-22_18-45-31_shot02--00000-velocity--smooth.csv,1_contains_hel
Training_Data/08-12-2026\C1--JHAMAL00016-065_69d3f8af8daaca38a7aa7fad_2_1926_2026-07-22_18-45-44_shot03--00000-velocity--smooth.csv,1_contains_hel
Training_Data/08-12-2026\C1--JHAMAL00016-065_69d3f8af8daaca38a7aa7fad_2_1926_2026-07-22_18-45-58_shot04--00000-velocity--smooth.csv,1_contains_hel
Training_Data/08-12-2026\C1--JHAMAL00016-065_69d3f8af8daaca38a7aa7fad_2_1926_2026-07-22_18-46-11_shot05--00000-velocity--smooth.csv,6_reject
Training_Data/08-12-2026\C1--JHAMAL00016-065_69d3f8af8daaca38a7aa7fad_2_1926_2026-07-22_18-46-24_shot06--00000-velocity--smooth.csv,1_contains_hel
Training_Data/08-12-2026\C1--JHAMAL00016-065_69d3f8af8daaca38a7aa7fad_2_1926_2026-07-22_18-46-37_shot07--00000-velocity--smooth.csv,3_contains_spall_and_hel
Training_Data/08-12-2026\C1--JHAMAL00016-065_69d3f8af8daaca38a7aa7fad_2_1926_2026-07-22_18-46-51_shot08--00000-velocity--smooth.csv,1_contains_hel
Training_Data/08-12-2026\C1--JHAMAL00016-065_69d3f8af8daaca38a7aa7fad_2_1926_2026-07-22_18-47-04_shot09--00000-velocity--smooth.csv,1_contains_hel
Training_Data/08-12-2026\C1--JHAMAL00016-065_69d3f8af8daaca38a7aa7fad_2_1926_2026-07-22_18-47-17_shot10--00000-velocity--smooth.csv,3_contains_spall_and_hel
Training_Data/08-12-2026\C1--JHAMAL00016-065_69d3f8af8daaca38a7aa7fad_2_1926_2026-07-22_18-47-30_shot11--00000-velocity--smooth.csv,1_contains_hel
Training_Data/08-12-2026\C1--JHAMAL00016-065_69d3f8af8daaca38a7aa7fad_2_1926_2026-07-22_18-47-43_shot12--00000-velocity--smooth.csv,1_contains_hel
Training_Data/08-12-2026\C1--JHAMAL00016-065_69d3f8af8daaca38a7aa7fad_2_1926_2026-07-22_18-47-56_shot13--00000-velocity--smooth.csv,1_contains_hel
Training_Data/08-12-2026\C1--JHAMAL00016-065_69d3f8af8daaca38a7aa7fad_2_1926_2026-07-22_18-48-10_shot14--00000-velocity--smooth.csv,3_contains_spall_and_hel
Training_Data/08-12-2026\C1--JHAMAL00016-065_69d3f8af8daaca38a7aa7fad_2_1926_2026-07-22_18-48-23_shot15--00000-velocity--smooth.csv,1_contains_hel
Training_Data/08-12-2026\C1--JHAMAL00016-065_69d3f8af8daaca38a7aa7fad_2_1926_2026-07-22_18-48-36_shot16--00000-velocity--smooth.csv,1_contains_hel
Training_Data/08-12-2026\C1--JHAMAL00016-065_69d3f8af8daaca38a7aa7fad_2_1926_2026-07-22_18-48-49_shot17--00000-velocity--smooth.csv,5_no_features
Training_Data/08-12-2026\C1--JHAMAL00016-065_69d3f8af8daaca38a7aa7fad_2_1926_2026-07-22_18-49-03_shot18--00000-velocity--smooth.csv,1_contains_hel
Training_Data/08-12-2026\C1--JHAMAL00016-065_69d3f8af8daaca38a7aa7fad_2_1926_2026-07-22_18-49-16_shot19--00000-velocity--smooth.csv,1_contains_hel
Training_Data/08-12-2026\C1--JHAMAL00016-065_69d3f8af8daaca38a7aa7fad_2_1926_2026-07-22_18-49-39_shot20--00000-velocity--smooth.csv,2_contains_spall
Training_Data/08-12-2026\C1--JHAMAL00016-065_69d3f8af8daaca38a7aa7fad_2_1926_2026-07-22_18-50-02_shot21--00000-velocity--smooth.csv,6_reject
Training_Data/08-12-2026\C1--JHAMAL00016-065_69d3f8af8daaca38a7aa7fad_2_1926_2026-07-22_18-50-15_shot22--00000-velocity--smooth.csv,6_reject
Training_Data/08-12-2026\C1--JHAMAL00016-065_69d3f8af8daaca38a7aa7fad_2_1926_2026-07-22_18-50-28_shot23--00000-velocity--smooth.csv,1_contains_hel
Training_Data/08-12-2026\C1--JHAMAL00016-066_69d3f8af8daaca38a7aa7fae_2_1926_2026-07-22_18-58-24_shot01--00000-velocity--smooth.csv,5_no_features
Training_Data/08-12-2026\C1--JHAMAL00016-066_69d3f8af8daaca38a7aa7fae_2_1926_2026-07-22_18-58-37_shot02--00000-velocity--smooth.csv,5_no_features
Training_Data/08-12-2026\C1--JHAMAL00016-066_69d3f8af8daaca38a7aa7fae_2_1926_2026-07-22_18-58-50_shot03--00000-velocity--smooth.csv,3_contains_spall_and_hel
Training_Data/08-12-2026\C1--JHAMAL00016-066_69d3f8af8daaca38a7aa7fae_2_1926_2026-07-22_18-59-03_shot04--00000-velocity--smooth.csv,1_contains_hel
Training_Data/08-12-2026\C1--JHAMAL00016-066_69d3f8af8daaca38a7aa7fae_2_1926_2026-07-22_18-59-17_shot05--00000-velocity--smooth.csv,6_reject
Training_Data/08-12-2026\C1--JHAMAL00016-066_69d3f8af8daaca38a7aa7fae_2_1926_2026-07-22_18-59-30_shot06--00000-velocity--smooth.csv,1_contains_hel
Training_Data/08-12-2026\C1--JHAMAL00016-066_69d3f8af8daaca38a7aa7fae_2_1926_2026-07-22_18-59-43_shot07--00000-velocity--smooth.csv,5_no_features
Training_Data/08-12-2026\C1--JHAMAL00016-066_69d3f8af8daaca38a7aa7fae_2_1926_2026-07-22_18-59-57_shot08--00000-velocity--smooth.csv,1_contains_hel
Training_Data/08-12-2026\C1--JHAMAL00016-066_69d3f8af8daaca38a7aa7fae_2_1926_2026-07-22_19-00-10_shot09--00000-velocity--smooth.csv,5_no_features
Training_Data/08-12-2026\C1--JHAMAL00016-066_69d3f8af8daaca38a7aa7fae_2_1926_2026-07-22_19-00-23_shot10--00000-velocity--smooth.csv,1_contains_hel
Training_Data/08-12-2026\C1--JHAMAL00016-066_69d3f8af8daaca38a7aa7fae_2_1926_2026-07-22_19-00-36_shot11--00000-velocity--smooth.csv,1_contains_hel
Training_Data/08-12-2026\C1--JHAMAL00016-066_69d3f8af8daaca38a7aa7fae_2_1926_2026-07-22_19-00-50_shot12--00000-velocity--smooth.csv,1_contains_hel
Training_Data/08-12-2026\C1--JHAMAL00016-066_69d3f8af8daaca38a7aa7fae_2_1926_2026-07-22_19-01-03_shot13--00000-velocity--smooth.csv,1_contains_hel
Training_Data/08-12-2026\C1--JHAMAL00016-066_69d3f8af8daaca38a7aa7fae_2_1926_2026-07-22_19-01-16_shot14--00000-velocity--smooth.csv,3_contains_spall_and_hel
Training_Data/08-12-2026\C1--JHAMAL00016-066_69d3f8af8daaca38a7aa7fae_2_1926_2026-07-22_19-01-29_shot15--00000-velocity--smooth.csv,6_reject
Training_Data/08-12-2026\C1--JHAMAL00016-066_69d3f8af8daaca38a7aa7fae_2_1926_2026-07-22_19-01-43_shot16--00000-velocity--smooth.csv,1_contains_hel
Training_Data/08-12-2026\C1--JHAMAL00016-066_69d3f8af8daaca38a7aa7fae_2_1926_2026-07-22_19-01-56_shot17--00000-velocity--smooth.csv,1_contains_hel
Training_Data/08-12-2026\C1--JHAMAL00016-066_69d3f8af8daaca38a7aa7fae_2_1926_2026-07-22_19-02-09_shot18--00000-velocity--smooth.csv,6_reject
Training_Data/08-12-2026\C1--JHAMAL00016-066_69d3f8af8daaca38a7aa7fae_2_1926_2026-07-22_19-02-22_shot19--00000-velocity--smooth.csv,1_contains_hel
Training_Data/08-12-2026\C1--JHAMAL00016-066_69d3f8af8daaca38a7aa7fae_2_1926_2026-07-22_19-02-35_shot20--00000-velocity--smooth.csv,1_contains_hel
Training_Data/08-12-2026\C1--JHAMAL00016-066_69d3f8af8daaca38a7aa7fae_2_1926_2026-07-22_19-02-48_shot21--00000-velocity--smooth.csv,1_contains_hel
Training_Data/08-12-2026\C1--JHAMAL00016-066_69d3f8af8daaca38a7aa7fae_2_1926_2026-07-22_19-03-02_shot22--00000-velocity--smooth.csv,1_contains_hel
Training_Data/08-12-2026\C1--JHAMAL00016-066_69d3f8af8daaca38a7aa7fae_2_1926_2026-07-22_19-03-15_shot23--00000-velocity--smooth.csv,1_contains_hel
Training_Data/08-12-2026\C1--JHAMAL00016-066_69d3f8af8daaca38a7aa7fae_2_1926_2026-07-22_19-03-28_shot24--00000-velocity--smooth.csv,1_contains_hel
Training_Data/08-12-2026\C1--JHAMAL00016-067_69d3f8af8daaca38a7aa7faf_2_1926_2026-07-22_19-14-34_shot01--00000-velocity--smooth.csv,1_contains_hel
Training_Data/08-12-2026\C1--JHAMAL00016-067_69d3f8af8daaca38a7aa7faf_2_1926_2026-07-22_19-14-48_shot02--00000-velocity--smooth.csv,1_contains_hel
Training_Data/08-12-2026\C1--JHAMAL00016-067_69d3f8af8daaca38a7aa7faf_2_1926_2026-07-22_19-15-01_shot03--00000-velocity--smooth.csv,3_contains_spall_and_hel
Training_Data/08-12-2026\C1--JHAMAL00016-067_69d3f8af8daaca38a7aa7faf_2_1926_2026-07-22_19-15-14_shot04--00000-velocity--smooth.csv,1_contains_hel
Training_Data/08-12-2026\C1--JHAMAL00016-067_69d3f8af8daaca38a7aa7faf_2_1926_2026-07-22_19-15-27_shot05--00000-velocity--smooth.csv,1_contains_hel
Training_Data/08-12-2026\C1--JHAMAL00016-067_69d3f8af8daaca38a7aa7faf_2_1926_2026-07-22_19-15-40_shot06--00000-velocity--smooth.csv,1_contains_hel
Training_Data/08-12-2026\C1--JHAMAL00016-067_69d3f8af8daaca38a7aa7faf_2_1926_2026-07-22_19-15-54_shot07--00000-velocity--smooth.csv,2_contains_spall
Training_Data/08-12-2026\C1--JHAMAL00016-067_69d3f8af8daaca38a7aa7faf_2_1926_2026-07-22_19-16-08_shot08--00000-velocity--smooth.csv,3_contains_spall_and_hel
Training_Data/08-12-2026\C1--JHAMAL00016-067_69d3f8af8daaca38a7aa7faf_2_1926_2026-07-22_19-16-21_shot09--00000-velocity--smooth.csv,3_contains_spall_and_hel
Training_Data/08-12-2026\C1--JHAMAL00016-067_69d3f8af8daaca38a7aa7faf_2_1926_2026-07-22_19-16-34_shot10--00000-velocity--smooth.csv,3_contains_spall_and_hel
Training_Data/08-12-2026\C1--JHAMAL00016-067_69d3f8af8daaca38a7aa7faf_2_1926_2026-07-22_19-16-48_shot11--00000-velocity--smooth.csv,3_contains_spall_and_hel
Training_Data/08-12-2026\C1--JHAMAL00016-067_69d3f8af8daaca38a7aa7faf_2_1926_2026-07-22_19-17-22_shot12--00000-velocity--smooth.csv,3_contains_spall_and_hel
Training_Data/08-12-2026\C1--JHAMAL00016-067_69d3f8af8daaca38a7aa7faf_2_1926_2026-07-22_19-17-35_shot13--00000-velocity--smooth.csv,1_contains_hel
Training_Data/08-12-2026\C1--JHAMAL00016-067_69d3f8af8daaca38a7aa7faf_2_1926_2026-07-22_19-17-48_shot14--00000-velocity--smooth.csv,3_contains_spall_and_hel
Training_Data/08-12-2026\C1--JHAMAL00016-067_69d3f8af8daaca38a7aa7faf_2_1926_2026-07-22_19-18-01_shot15--00000-velocity--smooth.csv,1_contains_hel
Training_Data/08-12-2026\C1--JHAMAL00016-067_69d3f8af8daaca38a7aa7faf_2_1926_2026-07-22_19-18-15_shot16--00000-velocity--smooth.csv,2_contains_spall
Training_Data/08-12-2026\C1--JHAMAL00016-067_69d3f8af8daaca38a7aa7faf_2_1926_2026-07-22_19-18-28_shot17--00000-velocity--smooth.csv,3_contains_spall_and_hel
Training_Data/08-12-2026\C1--JHAMAL00016-067_69d3f8af8daaca38a7aa7faf_2_1926_2026-07-22_19-18-41_shot18--00000-velocity--smooth.csv,5_no_features
Training_Data/08-12-2026\C1--JHAMAL00016-067_69d3f8af8daaca38a7aa7faf_2_1926_2026-07-22_19-18-54_shot19--00000-velocity--smooth.csv,5_no_features
Training_Data/08-12-2026\C1--JHAMAL00016-067_69d3f8af8daaca38a7aa7faf_2_1926_2026-07-22_19-19-07_shot20--00000-velocity--smooth.csv,1_contains_hel
Training_Data/08-12-2026\C1--JHAMAL00016-067_69d3f8af8daaca38a7aa7faf_2_1926_2026-07-22_19-19-21_shot21--00000-velocity--smooth.csv,3_contains_spall_and_hel
Training_Data/08-12-2026\C1--JHAMAL00016-067_69d3f8af8daaca38a7aa7faf_2_1926_2026-07-22_19-19-34_shot22--00000-velocity--smooth.csv,1_contains_hel
Training_Data/08-12-2026\C1--JHAMAL00016-067_69d3f8af8daaca38a7aa7faf_2_1926_2026-07-22_19-19-48_shot23--00000-velocity--smooth.csv,1_contains_hel
Training_Data/08-12-2026\C1--JHAMAL00016-067_69d3f8af8daaca38a7aa7faf_2_1926_2026-07-22_19-20-01_shot24--00000-velocity--smooth.csv,1_contains_hel
Training_Data/08-12-2026\C1--JHAMAL00016-068_69d3f8af8daaca38a7aa7fb0_0_1993_2026-08-05_20-45-14_shot01--00000-velocity--smooth.csv,1_contains_hel
Training_Data/08-12-2026\C1--JHAMAL00016-068_69d3f8af8daaca38a7aa7fb0_0_1993_2026-08-05_20-45-27_shot02--00000-velocity--smooth.csv,1_contains_hel
Training_Data/08-12-2026\C1--JHAMAL00016-068_69d3f8af8daaca38a7aa7fb0_0_1993_2026-08-05_20-45-39_shot03--00000-velocity--smooth.csv,1_contains_hel
Training_Data/08-12-2026\C1--JHAMAL00016-068_69d3f8af8daaca38a7aa7fb0_0_1993_2026-08-05_20-45-52_shot04--00000-velocity--smooth.csv,1_contains_hel
Training_Data/08-12-2026\C1--JHAMAL00016-068_69d3f8af8daaca38a7aa7fb0_0_1993_2026-08-05_20-46-04_shot05--00000-velocity--smooth.csv,1_contains_hel
Training_Data/08-12-2026\C1--JHAMAL00016-068_69d3f8af8daaca38a7aa7fb0_0_1993_2026-08-05_20-46-19_shot06--00000-velocity--smooth.csv,1_contains_hel
Training_Data/08-12-2026\C1--JHAMAL00016-068_69d3f8af8daaca38a7aa7fb0_0_1993_2026-08-05_20-46-31_shot07--00000-velocity--smooth.csv,1_contains_hel
Training_Data/08-12-2026\C1--JHAMAL00016-068_69d3f8af8daaca38a7aa7fb0_0_1993_2026-08-05_20-46-43_shot08--00000-velocity--smooth.csv,1_contains_hel
Training_Data/08-12-2026\C1--JHAMAL00016-068_69d3f8af8daaca38a7aa7fb0_0_1993_2026-08-05_20-46-55_shot09--00000-velocity--smooth.csv,1_contains_hel
Training_Data/08-12-2026\C1--JHAMAL00016-068_69d3f8af8daaca38a7aa7fb0_0_1993_2026-08-05_20-47-08_shot10--00000-velocity--smooth.csv,1_contains_hel
Training_Data/08-12-2026\C1--JHAMAL00016-068_69d3f8af8daaca38a7aa7fb0_0_1993_2026-08-05_20-47-22_shot11--00000-velocity--smooth.csv,3_contains_spall_and_hel
Training_Data/08-12-2026\C1--JHAMAL00016-068_69d3f8af8daaca38a7aa7fb0_0_1993_2026-08-05_20-47-34_shot12--00000-velocity--smooth.csv,1_contains_hel
Training_Data/08-12-2026\C1--JHAMAL00016-068_69d3f8af8daaca38a7aa7fb0_0_1993_2026-08-05_20-47-47_shot13--00000-velocity--smooth.csv,1_contains_hel
Training_Data/08-12-2026\C1--JHAMAL00016-068_69d3f8af8daaca38a7aa7fb0_0_1993_2026-08-05_20-47-59_shot14--00000-velocity--smooth.csv,1_contains_hel
Training_Data/08-12-2026\C1--JHAMAL00016-068_69d3f8af8daaca38a7aa7fb0_0_1993_2026-08-05_20-48-12_shot15--00000-velocity--smooth.csv,1_contains_hel
Training_Data/08-12-2026\C1--JHAMAL00016-068_69d3f8af8daaca38a7aa7fb0_0_1993_2026-08-05_20-48-26_shot16--00000-velocity--smooth.csv,1_contains_hel
Training_Data/08-12-2026\C1--JHAMAL00016-068_69d3f8af8daaca38a7aa7fb0_0_1993_2026-08-05_20-48-38_shot17--00000-velocity--smooth.csv,1_contains_hel
Training_Data/08-12-2026\C1--JHAMAL00016-068_69d3f8af8daaca38a7aa7fb0_0_1993_2026-08-05_20-48-51_shot18--00000-velocity--smooth.csv,1_contains_hel
Training_Data/08-12-2026\C1--JHAMAL00016-068_69d3f8af8daaca38a7aa7fb0_0_1993_2026-08-05_20-49-03_shot19--00000-velocity--smooth.csv,1_contains_hel
Training_Data/08-12-2026\C1--JHAMAL00016-068_69d3f8af8daaca38a7aa7fb0_0_1993_2026-08-05_20-49-16_shot20--00000-velocity--smooth.csv,1_contains_hel
Training_Data/08-12-2026\C1--JHAMAL00016-068_69d3f8af8daaca38a7aa7fb0_0_1993_2026-08-05_20-49-30_shot21--00000-velocity--smooth.csv,1_contains_hel
Training_Data/08-12-2026\C1--JHAMAL00016-068_69d3f8af8daaca38a7aa7fb0_0_1993_2026-08-05_20-49-43_shot22--00000-velocity--smooth.csv,5_no_features
Training_Data/08-12-2026\C1--JHAMAL00016-068_69d3f8af8daaca38a7aa7fb0_0_1993_2026-08-05_20-49-55_shot23--00000-velocity--smooth.csv,1_contains_hel
Training_Data/08-12-2026\C1--JHAMAL00016-068_69d3f8af8daaca38a7aa7fb0_0_1993_2026-08-05_20-50-07_shot24--00000-velocity--smooth.csv,5_no_features
Training_Data/08-12-2026\C1--JHAMAL00016-069_69d3f8af8daaca38a7aa7fb1_2_1926_2026-07-22_17-21-59_shot01--00000-velocity--smooth.csv,1_contains_hel
Training_Data/08-12-2026\C1--JHAMAL00016-069_69d3f8af8daaca38a7aa7fb1_2_1926_2026-07-22_17-22-13_shot02--00000-velocity--smooth.csv,1_contains_hel
Training_Data/08-12-2026\C1--JHAMAL00016-069_69d3f8af8daaca38a7aa7fb1_2_1926_2026-07-22_17-22-26_shot03--00000-velocity--smooth.csv,3_contains_spall_and_hel
Training_Data/08-12-2026\C1--JHAMAL00016-069_69d3f8af8daaca38a7aa7fb1_2_1926_2026-07-22_17-22-39_shot04--00000-velocity--smooth.csv,1_contains_hel
Training_Data/08-12-2026\C1--JHAMAL00016-069_69d3f8af8daaca38a7aa7fb1_2_1926_2026-07-22_17-22-52_shot05--00000-velocity--smooth.csv,5_no_features
Training_Data/08-12-2026\C1--JHAMAL00016-069_69d3f8af8daaca38a7aa7fb1_2_1926_2026-07-22_17-23-05_shot06--00000-velocity--smooth.csv,1_contains_hel
Training_Data/08-12-2026\C1--JHAMAL00016-069_69d3f8af8daaca38a7aa7fb1_2_1926_2026-07-22_17-23-18_shot07--00000-velocity--smooth.csv,1_contains_hel
Training_Data/08-12-2026\C1--JHAMAL00016-069_69d3f8af8daaca38a7aa7fb1_2_1926_2026-07-22_17-23-31_shot08--00000-velocity--smooth.csv,1_contains_hel
Training_Data/08-12-2026\C1--JHAMAL00016-069_69d3f8af8daaca38a7aa7fb1_2_1926_2026-07-22_17-23-45_shot09--00000-velocity--smooth.csv,5_no_features
Training_Data/08-12-2026\C1--JHAMAL00016-069_69d3f8af8daaca38a7aa7fb1_2_1926_2026-07-22_17-23-58_shot10--00000-velocity--smooth.csv,3_contains_spall_and_hel
Training_Data/08-12-2026\C1--JHAMAL00016-069_69d3f8af8daaca38a7aa7fb1_2_1926_2026-07-22_17-24-11_shot11--00000-velocity--smooth.csv,3_contains_spall_and_hel
Training_Data/08-12-2026\C1--JHAMAL00016-069_69d3f8af8daaca38a7aa7fb1_2_1926_2026-07-22_17-24-24_shot12--00000-velocity--smooth.csv,3_contains_spall_and_hel
Training_Data/08-12-2026\C1--JHAMAL00016-069_69d3f8af8daaca38a7aa7fb1_2_1926_2026-07-22_17-24-37_shot13--00000-velocity--smooth.csv,1_contains_hel
Training_Data/08-12-2026\C1--JHAMAL00016-069_69d3f8af8daaca38a7aa7fb1_2_1926_2026-07-22_17-24-50_shot14--00000-velocity--smooth.csv,2_contains_spall
Training_Data/08-12-2026\C1--JHAMAL00016-069_69d3f8af8daaca38a7aa7fb1_2_1926_2026-07-22_17-25-03_shot15--00000-velocity--smooth.csv,1_contains_hel
Training_Data/08-12-2026\C1--JHAMAL00016-069_69d3f8af8daaca38a7aa7fb1_2_1926_2026-07-22_17-25-17_shot16--00000-velocity--smooth.csv,6_reject
Training_Data/08-12-2026\C1--JHAMAL00016-069_69d3f8af8daaca38a7aa7fb1_2_1926_2026-07-22_17-25-30_shot17--00000-velocity--smooth.csv,1_contains_hel
Training_Data/08-12-2026\C1--JHAMAL00016-069_69d3f8af8daaca38a7aa7fb1_2_1926_2026-07-22_17-25-43_shot18--00000-velocity--smooth.csv,1_contains_hel
Training_Data/08-12-2026\C1--JHAMAL00016-069_69d3f8af8daaca38a7aa7fb1_2_1926_2026-07-22_17-25-57_shot19--00000-velocity--smooth.csv,1_contains_hel
Training_Data/08-12-2026\C1--JHAMAL00016-069_69d3f8af8daaca38a7aa7fb1_2_1926_2026-07-22_17-26-10_shot20--00000-velocity--smooth.csv,1_contains_hel
Training_Data/08-12-2026\C1--JHAMAL00016-069_69d3f8af8daaca38a7aa7fb1_2_1926_2026-07-22_17-26-23_shot21--00000-velocity--smooth.csv,1_contains_hel
Training_Data/08-12-2026\C1--JHAMAL00016-069_69d3f8af8daaca38a7aa7fb1_2_1926_2026-07-22_17-26-36_shot22--00000-velocity--smooth.csv,1_contains_hel
Training_Data/08-12-2026\C1--JHAMAL00016-069_69d3f8af8daaca38a7aa7fb1_2_1926_2026-07-22_17-26-49_shot23--00000-velocity--smooth.csv,1_contains_hel
Training_Data/08-12-2026\C1--JHAMAL00016-069_69d3f8af8daaca38a7aa7fb1_2_1926_2026-07-22_17-27-03_shot24--00000-velocity--smooth.csv,6_reject
Training_Data/08-12-2026\C1--JHAMAL00016-069_69d3f8af8daaca38a7aa7fb1_2_1926_2026-07-22_17-27-16_shot25--00000-velocity--smooth.csv,3_contains_spall_and_hel
Training_Data/08-12-2026\C1--JHAMAL00016-070_69d3f8af8daaca38a7aa7fb2_0_1993_2026-08-05_20-53-53_shot01--00000-velocity--smooth.csv,3_contains_spall_and_hel
Training_Data/08-12-2026\C1--JHAMAL00016-070_69d3f8af8daaca38a7aa7fb2_0_1993_2026-08-05_20-54-06_shot02--00000-velocity--smooth.csv,3_contains_spall_and_hel
Training_Data/08-12-2026\C1--JHAMAL00016-070_69d3f8af8daaca38a7aa7fb2_0_1993_2026-08-05_20-54-18_shot03--00000-velocity--smooth.csv,1_contains_hel
Training_Data/08-12-2026\C1--JHAMAL00016-070_69d3f8af8daaca38a7aa7fb2_0_1993_2026-08-05_20-54-30_shot04--00000-velocity--smooth.csv,6_reject
Training_Data/08-12-2026\C1--JHAMAL00016-070_69d3f8af8daaca38a7aa7fb2_0_1993_2026-08-05_20-54-43_shot05--00000-velocity--smooth.csv,1_contains_hel
Training_Data/08-12-2026\C1--JHAMAL00016-070_69d3f8af8daaca38a7aa7fb2_0_1993_2026-08-05_20-54-57_shot06--00000-velocity--smooth.csv,3_contains_spall_and_hel
Training_Data/08-12-2026\C1--JHAMAL00016-070_69d3f8af8daaca38a7aa7fb2_0_1993_2026-08-05_20-55-09_shot07--00000-velocity--smooth.csv,3_contains_spall_and_hel
Training_Data/08-12-2026\C1--JHAMAL00016-070_69d3f8af8daaca38a7aa7fb2_0_1993_2026-08-05_20-55-22_shot08--00000-velocity--smooth.csv,1_contains_hel
Training_Data/08-12-2026\C1--JHAMAL00016-070_69d3f8af8daaca38a7aa7fb2_0_1993_2026-08-05_20-55-34_shot09--00000-velocity--smooth.csv,1_contains_hel
Training_Data/08-12-2026\C1--JHAMAL00016-070_69d3f8af8daaca38a7aa7fb2_0_1993_2026-08-05_20-55-46_shot10--00000-velocity--smooth.csv,1_contains_hel
Training_Data/08-12-2026\C1--JHAMAL00016-070_69d3f8af8daaca38a7aa7fb2_0_1993_2026-08-05_20-56-01_shot11--00000-velocity--smooth.csv,3_contains_spall_and_hel
Training_Data/08-12-2026\C1--JHAMAL00016-070_69d3f8af8daaca38a7aa7fb2_0_1993_2026-08-05_20-56-13_shot12--00000-velocity--smooth.csv,1_contains_hel
Training_Data/08-12-2026\C1--JHAMAL00016-070_69d3f8af8daaca38a7aa7fb2_0_1993_2026-08-05_20-56-26_shot13--00000-velocity--smooth.csv,1_contains_hel
Training_Data/08-12-2026\C1--JHAMAL00016-070_69d3f8af8daaca38a7aa7fb2_0_1993_2026-08-05_20-56-38_shot14--00000-velocity--smooth.csv,1_contains_hel
Training_Data/08-12-2026\C1--JHAMAL00016-070_69d3f8af8daaca38a7aa7fb2_0_1993_2026-08-05_20-56-50_shot15--00000-velocity--smooth.csv,1_contains_hel
Training_Data/08-12-2026\C1--JHAMAL00016-070_69d3f8af8daaca38a7aa7fb2_0_1993_2026-08-05_20-57-04_shot16--00000-velocity--smooth.csv,1_contains_hel
Training_Data/08-12-2026\C1--JHAMAL00016-070_69d3f8af8daaca38a7aa7fb2_0_1993_2026-08-05_20-57-16_shot17--00000-velocity--smooth.csv,1_contains_hel
Training_Data/08-12-2026\C1--JHAMAL00016-070_69d3f8af8daaca38a7aa7fb2_0_1993_2026-08-05_20-57-28_shot18--00000-velocity--smooth.csv,1_contains_hel
Training_Data/08-12-2026\C1--JHAMAL00016-070_69d3f8af8daaca38a7aa7fb2_0_1993_2026-08-05_20-57-40_shot19--00000-velocity--smooth.csv,1_contains_hel
Training_Data/08-12-2026\C1--JHAMAL00016-070_69d3f8af8daaca38a7aa7fb2_0_1993_2026-08-05_20-57-52_shot20--00000-velocity--smooth.csv,1_contains_hel
Training_Data/08-12-2026\C1--JHAMAL00016-070_69d3f8af8daaca38a7aa7fb2_0_1993_2026-08-05_20-58-07_shot21--00000-velocity--smooth.csv,1_contains_hel
Training_Data/08-12-2026\C1--JHAMAL00016-070_69d3f8af8daaca38a7aa7fb2_0_1993_2026-08-05_20-58-19_shot22--00000-velocity--smooth.csv,1_contains_hel
Training_Data/08-12-2026\C1--JHAMAL00016-070_69d3f8af8daaca38a7aa7fb2_0_1993_2026-08-05_20-58-32_shot23--00000-velocity--smooth.csv,1_contains_hel
Training_Data/08-12-2026\C1--JHAMAL00016-070_69d3f8af8daaca38a7aa7fb2_0_1993_2026-08-05_20-58-44_shot24--00000-velocity--smooth.csv,1_contains_hel
Training_Data/08-12-2026\C1--JHAMAL00016-070_69d3f8af8daaca38a7aa7fb2_0_1993_2026-08-05_20-58-57_shot25--00000-velocity--smooth.csv,1_contains_hel
Training_Data/08-12-2026\C1--JHAMAL00016-074_69d3f8af8daaca38a7aa7fb6_2_1926_2026-07-22_20-13-40_shot01--00000-velocity--smooth.csv,1_contains_hel
Training_Data/08-12-2026\C1--JHAMAL00016-074_69d3f8af8daaca38a7aa7fb6_2_1926_2026-07-22_20-13-54_shot02--00000-velocity--smooth.csv,2_contains_spall
Training_Data/08-12-2026\C1--JHAMAL00016-074_69d3f8af8daaca38a7aa7fb6_2_1926_2026-07-22_20-14-07_shot03--00000-velocity--smooth.csv,6_reject
Training_Data/08-12-2026\C1--JHAMAL00016-074_69d3f8af8daaca38a7aa7fb6_2_1926_2026-07-22_20-14-20_shot04--00000-velocity--smooth.csv,1_contains_hel
Training_Data/08-12-2026\C1--JHAMAL00016-074_69d3f8af8daaca38a7aa7fb6_2_1926_2026-07-22_20-14-33_shot05--00000-velocity--smooth.csv,3_contains_spall_and_hel
Training_Data/08-12-2026\C1--JHAMAL00016-074_69d3f8af8daaca38a7aa7fb6_2_1926_2026-07-22_20-14-46_shot06--00000-velocity--smooth.csv,3_contains_spall_and_hel
Training_Data/08-12-2026\C1--JHAMAL00016-074_69d3f8af8daaca38a7aa7fb6_2_1926_2026-07-22_20-15-00_shot07--00000-velocity--smooth.csv,1_contains_hel
Training_Data/08-12-2026\C1--JHAMAL00016-074_69d3f8af8daaca38a7aa7fb6_2_1926_2026-07-22_20-15-34_shot08--00000-velocity--smooth.csv,1_contains_hel
Training_Data/08-12-2026\C1--JHAMAL00016-074_69d3f8af8daaca38a7aa7fb6_2_1926_2026-07-22_20-15-47_shot09--00000-velocity--smooth.csv,3_contains_spall_and_hel
Training_Data/08-12-2026\C1--JHAMAL00016-074_69d3f8af8daaca38a7aa7fb6_2_1926_2026-07-22_20-16-00_shot10--00000-velocity--smooth.csv,1_contains_hel
Training_Data/08-12-2026\C1--JHAMAL00016-074_69d3f8af8daaca38a7aa7fb6_2_1926_2026-07-22_20-16-13_shot11--00000-velocity--smooth.csv,1_contains_hel
Training_Data/08-12-2026\C1--JHAMAL00016-074_69d3f8af8daaca38a7aa7fb6_2_1926_2026-07-22_20-16-27_shot12--00000-velocity--smooth.csv,3_contains_spall_and_hel
Training_Data/08-12-2026\C1--JHAMAL00016-074_69d3f8af8daaca38a7aa7fb6_2_1926_2026-07-22_20-16-40_shot13--00000-velocity--smooth.csv,3_contains_spall_and_hel
Training_Data/08-12-2026\C1--JHAMAL00016-074_69d3f8af8daaca38a7aa7fb6_2_1926_2026-07-22_20-16-53_shot14--00000-velocity--smooth.csv,1_contains_hel
Training_Data/08-12-2026\C1--JHAMAL00016-074_69d3f8af8daaca38a7aa7fb6_2_1926_2026-07-22_20-17-07_shot15--00000-velocity--smooth.csv,3_contains_spall_and_hel
Training_Data/08-12-2026\C1--JHAMAL00016-074_69d3f8af8daaca38a7aa7fb6_2_1926_2026-07-22_20-17-20_shot16--00000-velocity--smooth.csv,1_contains_hel
Training_Data/08-12-2026\C1--JHAMAL00016-074_69d3f8af8daaca38a7aa7fb6_2_1926_2026-07-22_20-17-33_shot17--00000-velocity--smooth.csv,1_contains_hel
Training_Data/08-12-2026\C1--JHAMAL00016-074_69d3f8af8daaca38a7aa7fb6_2_1926_2026-07-22_20-17-46_shot18--00000-velocity--smooth.csv,3_contains_spall_and_hel
Training_Data/08-12-2026\C1--JHAMAL00016-074_69d3f8af8daaca38a7aa7fb6_2_1926_2026-07-22_20-17-59_shot19--00000-velocity--smooth.csv,2_contains_spall
Training_Data/08-12-2026\C1--JHAMAL00016-075_69d3f8af8daaca38a7aa7fb7_2_1926_2026-07-22_17-38-54_shot01--00000-velocity--smooth.csv,5_no_features
Training_Data/08-12-2026\C1--JHAMAL00016-075_69d3f8af8daaca38a7aa7fb7_2_1926_2026-07-22_17-39-07_shot02--00000-velocity--smooth.csv,1_contains_hel
Training_Data/08-12-2026\C1--JHAMAL00016-075_69d3f8af8daaca38a7aa7fb7_2_1926_2026-07-22_17-39-20_shot03--00000-velocity--smooth.csv,1_contains_hel
Training_Data/08-12-2026\C1--JHAMAL00016-075_69d3f8af8daaca38a7aa7fb7_2_1926_2026-07-22_17-39-34_shot04--00000-velocity--smooth.csv,1_contains_hel
Training_Data/08-12-2026\C1--JHAMAL00016-075_69d3f8af8daaca38a7aa7fb7_2_1926_2026-07-22_17-39-47_shot05--00000-velocity--smooth.csv,5_no_features
Training_Data/08-12-2026\C1--JHAMAL00016-075_69d3f8af8daaca38a7aa7fb7_2_1926_2026-07-22_17-40-00_shot06--00000-velocity--smooth.csv,5_no_features
Training_Data/08-12-2026\C1--JHAMAL00016-075_69d3f8af8daaca38a7aa7fb7_2_1926_2026-07-22_17-40-13_shot07--00000-velocity--smooth.csv,5_no_features
Training_Data/08-12-2026\C1--JHAMAL00016-075_69d3f8af8daaca38a7aa7fb7_2_1926_2026-07-22_17-40-26_shot08--00000-velocity--smooth.csv,1_contains_hel
Training_Data/08-12-2026\C1--JHAMAL00016-075_69d3f8af8daaca38a7aa7fb7_2_1926_2026-07-22_17-41-00_shot09--00000-velocity--smooth.csv,1_contains_hel
Training_Data/08-12-2026\C1--JHAMAL00016-075_69d3f8af8daaca38a7aa7fb7_2_1926_2026-07-22_17-41-13_shot10--00000-velocity--smooth.csv,1_contains_hel
Training_Data/08-12-2026\C1--JHAMAL00016-075_69d3f8af8daaca38a7aa7fb7_2_1926_2026-07-22_17-41-27_shot11--00000-velocity--smooth.csv,5_no_features
Training_Data/08-12-2026\C1--JHAMAL00016-075_69d3f8af8daaca38a7aa7fb7_2_1926_2026-07-22_17-41-40_shot12--00000-velocity--smooth.csv,5_no_features
Training_Data/08-12-2026\C1--JHAMAL00016-075_69d3f8af8daaca38a7aa7fb7_2_1926_2026-07-22_17-41-54_shot13--00000-velocity--smooth.csv,5_no_features
Training_Data/08-12-2026\C1--JHAMAL00016-075_69d3f8af8daaca38a7aa7fb7_2_1926_2026-07-22_17-42-07_shot14--00000-velocity--smooth.csv,1_contains_hel
Training_Data/08-12-2026\C1--JHAMAL00016-075_69d3f8af8daaca38a7aa7fb7_2_1926_2026-07-22_17-42-41_shot15--00000-velocity--smooth.csv,5_no_features
Training_Data/08-12-2026\C1--JHAMAL00016-075_69d3f8af8daaca38a7aa7fb7_2_1926_2026-07-22_17-42-55_shot16--00000-velocity--smooth.csv,1_contains_hel
Training_Data/08-12-2026\C1--JHAMAL00016-075_69d3f8af8daaca38a7aa7fb7_2_1926_2026-07-22_17-43-08_shot17--00000-velocity--smooth.csv,1_contains_hel
Training_Data/08-12-2026\C1--JHAMAL00016-075_69d3f8af8daaca38a7aa7fb7_2_1926_2026-07-22_17-43-22_shot18--00000-velocity--smooth.csv,1_contains_hel
Training_Data/08-12-2026\C1--JHAMAL00016-075_69d3f8af8daaca38a7aa7fb7_2_1926_2026-07-22_17-43-34_shot19--00000-velocity--smooth.csv,1_contains_hel
Training_Data/08-12-2026\C1--JHAMAL00016-075_69d3f8af8daaca38a7aa7fb7_2_1926_2026-07-22_17-43-47_shot20--00000-velocity--smooth.csv,1_contains_hel
Training_Data/08-12-2026\C1--JHAMAL00016-075_69d3f8af8daaca38a7aa7fb7_2_1926_2026-07-22_17-44-00_shot21--00000-velocity--smooth.csv,1_contains_hel
Training_Data/08-12-2026\C1--JHAMAL00016-075_69d3f8af8daaca38a7aa7fb7_2_1926_2026-07-22_17-44-14_shot22--00000-velocity--smooth.csv,1_contains_hel
Training_Data/08-12-2026\C1--JHAMAL00016-075_69d3f8af8daaca38a7aa7fb7_2_1926_2026-07-22_17-44-27_shot23--00000-velocity--smooth.csv,5_no_features
Training_Data/08-12-2026\C1--JHAMAL00016-084_69d3f8af8daaca38a7aa7fc0_0_1993_2026-08-05_21-02-23_shot01--00000-velocity--smooth.csv,3_contains_spall_and_hel
Training_Data/08-12-2026\C1--JHAMAL00016-084_69d3f8af8daaca38a7aa7fc0_0_1993_2026-08-05_21-02-35_shot02--00000-velocity--smooth.csv,1_contains_hel
Training_Data/08-12-2026\C1--JHAMAL00016-084_69d3f8af8daaca38a7aa7fc0_0_1993_2026-08-05_21-02-48_shot03--00000-velocity--smooth.csv,1_contains_hel
Training_Data/08-12-2026\C1--JHAMAL00016-084_69d3f8af8daaca38a7aa7fc0_0_1993_2026-08-05_21-03-00_shot04--00000-velocity--smooth.csv,1_contains_hel
Training_Data/08-12-2026\C1--JHAMAL00016-084_69d3f8af8daaca38a7aa7fc0_0_1993_2026-08-05_21-03-13_shot05--00000-velocity--smooth.csv,1_contains_hel
Training_Data/08-12-2026\C1--JHAMAL00016-084_69d3f8af8daaca38a7aa7fc0_0_1993_2026-08-05_21-03-27_shot06--00000-velocity--smooth.csv,3_contains_spall_and_hel
Training_Data/08-12-2026\C1--JHAMAL00016-084_69d3f8af8daaca38a7aa7fc0_0_1993_2026-08-05_21-03-39_shot07--00000-velocity--smooth.csv,1_contains_hel
Training_Data/08-12-2026\C1--JHAMAL00016-084_69d3f8af8daaca38a7aa7fc0_0_1993_2026-08-05_21-03-52_shot08--00000-velocity--smooth.csv,1_contains_hel
Training_Data/08-12-2026\C1--JHAMAL00016-084_69d3f8af8daaca38a7aa7fc0_0_1993_2026-08-05_21-04-04_shot09--00000-velocity--smooth.csv,1_contains_hel
Training_Data/08-12-2026\C1--JHAMAL00016-084_69d3f8af8daaca38a7aa7fc0_0_1993_2026-08-05_21-04-17_shot10--00000-velocity--smooth.csv,1_contains_hel
Training_Data/08-12-2026\C1--JHAMAL00016-084_69d3f8af8daaca38a7aa7fc0_0_1993_2026-08-05_21-04-31_shot11--00000-velocity--smooth.csv,1_contains_hel
Training_Data/08-12-2026\C1--JHAMAL00016-084_69d3f8af8daaca38a7aa7fc0_0_1993_2026-08-05_21-04-43_shot12--00000-velocity--smooth.csv,1_contains_hel
Training_Data/08-12-2026\C1--JHAMAL00016-084_69d3f8af8daaca38a7aa7fc0_0_1993_2026-08-05_21-04-56_shot13--00000-velocity--smooth.csv,1_contains_hel
Training_Data/08-12-2026\C1--JHAMAL00016-084_69d3f8af8daaca38a7aa7fc0_0_1993_2026-08-05_21-05-08_shot14--00000-velocity--smooth.csv,1_contains_hel
Training_Data/08-12-2026\C1--JHAMAL00016-084_69d3f8af8daaca38a7aa7fc0_0_1993_2026-08-05_21-05-21_shot15--00000-velocity--smooth.csv,1_contains_hel
Training_Data/08-12-2026\C1--JHAMAL00016-084_69d3f8af8daaca38a7aa7fc0_0_1993_2026-08-05_21-05-35_shot16--00000-velocity--smooth.csv,1_contains_hel
Training_Data/08-12-2026\C1--JHAMAL00016-084_69d3f8af8daaca38a7aa7fc0_0_1993_2026-08-05_21-05-47_shot17--00000-velocity--smooth.csv,1_contains_hel
Training_Data/08-12-2026\C1--JHAMAL00016-084_69d3f8af8daaca38a7aa7fc0_0_1993_2026-08-05_21-06-00_shot18--00000-velocity--smooth.csv,1_contains_hel
Training_Data/08-12-2026\C1--JHAMAL00016-084_69d3f8af8daaca38a7aa7fc0_0_1993_2026-08-05_21-06-12_shot19--00000-velocity--smooth.csv,1_contains_hel
Training_Data/08-12-2026\C1--JHAMAL00016-084_69d3f8af8daaca38a7aa7fc0_0_1993_2026-08-05_21-06-24_shot20--00000-velocity--smooth.csv,1_contains_hel
Training_Data/08-12-2026\C1--JHAMAL00016-084_69d3f8af8daaca38a7aa7fc0_0_1993_2026-08-05_21-06-39_shot21--00000-velocity--smooth.csv,1_contains_hel
Training_Data/08-12-2026\C1--JHAMAL00016-084_69d3f8af8daaca38a7aa7fc0_0_1993_2026-08-05_21-06-51_shot22--00000-velocity--smooth.csv,1_contains_hel
Training_Data/08-12-2026\C1--JHAMAL00016-084_69d3f8af8daaca38a7aa7fc0_0_1993_2026-08-05_21-07-04_shot23--00000-velocity--smooth.csv,1_contains_hel
Training_Data/08-12-2026\C1--JHAMAL00016-084_69d3f8af8daaca38a7aa7fc0_0_1993_2026-08-05_21-07-16_shot24--00000-velocity--smooth.csv,5_no_features
Training_Data/08-12-2026\C1--JHAMAL00016-084_69d3f8af8daaca38a7aa7fc0_0_1993_2026-08-05_21-07-28_shot25--00000-velocity--smooth.csv,5_no_features
Training_Data/08-12-2026\C1--JHAMAL00016-102_69d3f8af8daaca38a7aa7fd2_0_2008_2026-08-07_17-06-05_shot01--00000-velocity--smooth.csv,2_contains_spall
Training_Data/08-12-2026\C1--JHAMAL00016-102_69d3f8af8daaca38a7aa7fd2_0_2008_2026-08-07_17-07-17_shot02--00000-velocity--smooth.csv,3_contains_spall_and_hel
Training_Data/08-12-2026\C1--JHAMAL00016-102_69d3f8af8daaca38a7aa7fd2_0_2008_2026-08-07_17-07-41_shot03--00000-velocity--smooth.csv,1_contains_hel
Training_Data/08-12-2026\C1--JHAMAL00016-102_69d3f8af8daaca38a7aa7fd2_0_2008_2026-08-07_17-08-01_shot04--00000-velocity--smooth.csv,1_contains_hel
Training_Data/08-12-2026\C1--JHAMAL00016-102_69d3f8af8daaca38a7aa7fd2_0_2008_2026-08-07_17-09-14_shot05--00000-velocity--smooth.csv,4_velocity_shot
Training_Data/08-12-2026\C1--JHAMAL00016-102_69d3f8af8daaca38a7aa7fd2_0_2008_2026-08-07_17-10-02_shot06--00000-velocity--smooth.csv,1_contains_hel
Training_Data/08-12-2026\C1--JHAMAL00018-017_69d6b39ef0d5d4b7f27fe463_0_1484_2026-07-10_14-32-55_shot01--00000-velocity--smooth.csv,1_contains_hel
Training_Data/08-12-2026\C1--JHAMAL00018-018_69d6b39ef0d5d4b7f27fe464_0_1484_2026-07-10_14-40-52_shot01--00000-velocity--smooth.csv,5_no_features
Training_Data/08-12-2026\C1--JHAMAL00018-021_69d6b39ef0d5d4b7f27fe467_0_1484_2026-07-10_15-01-48_shot01--00000-velocity--smooth.csv,2_contains_spall
Training_Data/08-12-2026\C1--JHAMAL00018-021_69d6b39ef0d5d4b7f27fe467_0_1484_2026-07-10_15-03-11_shot02--00000-velocity--smooth.csv,1_contains_hel
Training_Data/08-12-2026\C1--JHAMAL00018-021_69d6b39ef0d5d4b7f27fe467_0_1484_2026-07-10_15-03-46_shot03--00000-velocity--smooth.csv,5_no_features
Training_Data/08-12-2026\C1--JHAMAL00018-021_69d6b39ef0d5d4b7f27fe467_0_1484_2026-07-10_15-04-41_shot04--00000-velocity--smooth.csv,6_reject
Training_Data/08-12-2026\C1--JHAMAL00018-021_69d6b39ef0d5d4b7f27fe467_0_1484_2026-07-10_15-04-54_shot05--00000-velocity--smooth.csv,5_no_features
Training_Data/08-12-2026\C1--JHAMAL00018-051_69d6b39ef0d5d4b7f27fe485_1_1983_2026-07-29_17-35-46_shot01--00000-velocity--smooth.csv,3_contains_spall_and_hel
Training_Data/08-12-2026\C1--JHAMAL00018-051_69d6b39ef0d5d4b7f27fe485_1_1983_2026-07-29_17-36-00_shot02--00000-velocity--smooth.csv,1_contains_hel
Training_Data/08-12-2026\C1--JHAMAL00018-051_69d6b39ef0d5d4b7f27fe485_1_1983_2026-07-29_17-36-13_shot03--00000-velocity--smooth.csv,1_contains_hel
Training_Data/08-12-2026\C1--JHAMAL00018-051_69d6b39ef0d5d4b7f27fe485_1_1983_2026-07-29_17-36-27_shot04--00000-velocity--smooth.csv,3_contains_spall_and_hel
Training_Data/08-12-2026\C1--JHAMAL00018-051_69d6b39ef0d5d4b7f27fe485_1_1983_2026-07-29_17-36-50_shot05--00000-velocity--smooth.csv,1_contains_hel
Training_Data/08-12-2026\C1--JHAMAL00018-051_69d6b39ef0d5d4b7f27fe485_1_1983_2026-07-29_17-37-03_shot06--00000-velocity--smooth.csv,1_contains_hel
Training_Data/08-12-2026\C1--JHAMAL00018-051_69d6b39ef0d5d4b7f27fe485_1_1983_2026-07-29_17-37-16_shot07--00000-velocity--smooth.csv,1_contains_hel
Training_Data/08-12-2026\C1--JHAMAL00018-051_69d6b39ef0d5d4b7f27fe485_1_1983_2026-07-29_17-37-30_shot08--00000-velocity--smooth.csv,1_contains_hel
Training_Data/08-12-2026\C1--JHAMAL00018-051_69d6b39ef0d5d4b7f27fe485_1_1983_2026-07-29_17-37-43_shot09--00000-velocity--smooth.csv,1_contains_hel
Training_Data/08-12-2026\C1--JHAMAL00018-051_69d6b39ef0d5d4b7f27fe485_1_1983_2026-07-29_17-37-56_shot10--00000-velocity--smooth.csv,1_contains_hel
Training_Data/08-12-2026\C1--JHAMAL00018-051_69d6b39ef0d5d4b7f27fe485_1_1983_2026-07-29_17-38-09_shot11--00000-velocity--smooth.csv,6_reject
Training_Data/08-12-2026\C1--JHAMAL00018-051_69d6b39ef0d5d4b7f27fe485_1_1983_2026-07-29_17-38-22_shot12--00000-velocity--smooth.csv,1_contains_hel
Training_Data/08-12-2026\C1--JHAMAL00018-051_69d6b39ef0d5d4b7f27fe485_1_1983_2026-07-29_17-38-35_shot13--00000-velocity--smooth.csv,1_contains_hel
Training_Data/08-12-2026\C1--JHAMAL00018-051_69d6b39ef0d5d4b7f27fe485_1_1983_2026-07-29_17-38-49_shot14--00000-velocity--smooth.csv,1_contains_hel
Training_Data/08-12-2026\C1--JHAMAL00018-051_69d6b39ef0d5d4b7f27fe485_1_1983_2026-07-29_17-39-02_shot15--00000-velocity--smooth.csv,3_contains_spall_and_hel
Training_Data/08-12-2026\C1--JHAMAL00018-051_69d6b39ef0d5d4b7f27fe485_1_1983_2026-07-29_17-39-15_shot16--00000-velocity--smooth.csv,1_contains_hel
Training_Data/08-12-2026\C1--JHAMAL00018-051_69d6b39ef0d5d4b7f27fe485_1_1983_2026-07-29_17-39-59_shot17--00000-velocity--smooth.csv,1_contains_hel
Training_Data/08-12-2026\C1--JHAMAL00018-051_69d6b39ef0d5d4b7f27fe485_1_1983_2026-07-29_17-40-12_shot18--00000-velocity--smooth.csv,1_contains_hel
Training_Data/08-12-2026\C1--JHAMAL00018-051_69d6b39ef0d5d4b7f27fe485_1_1983_2026-07-29_17-40-27_shot19--00000-velocity--smooth.csv,1_contains_hel
Training_Data/08-12-2026\C1--JHAMAL00018-051_69d6b39ef0d5d4b7f27fe485_1_1983_2026-07-29_17-40-41_shot20--00000-velocity--smooth.csv,1_contains_hel
Training_Data/08-12-2026\C1--JHAMAL00018-051_69d6b39ef0d5d4b7f27fe485_1_1983_2026-07-29_17-40-54_shot21--00000-velocity--smooth.csv,1_contains_hel
Training_Data/08-12-2026\C1--JHAMAL00018-051_69d6b39ef0d5d4b7f27fe485_1_1983_2026-07-29_17-41-07_shot22--00000-velocity--smooth.csv,3_contains_spall_and_hel
Training_Data/08-12-2026\C1--JHAMAL00018-052_69d6b39ef0d5d4b7f27fe486_1_1983_2026-07-29_17-52-10_shot01--00000-velocity--smooth.csv,1_contains_hel
Training_Data/08-12-2026\C1--JHAMAL00018-052_69d6b39ef0d5d4b7f27fe486_1_1983_2026-07-29_17-52-23_shot02--00000-velocity--smooth.csv,1_contains_hel
Training_Data/08-12-2026\C1--JHAMAL00018-052_69d6b39ef0d5d4b7f27fe486_1_1983_2026-07-29_17-52-36_shot03--00000-velocity--smooth.csv,1_contains_hel
Training_Data/08-12-2026\C1--JHAMAL00018-052_69d6b39ef0d5d4b7f27fe486_1_1983_2026-07-29_17-52-50_shot04--00000-velocity--smooth.csv,1_contains_hel
Training_Data/08-12-2026\C1--JHAMAL00018-052_69d6b39ef0d5d4b7f27fe486_1_1983_2026-07-29_17-53-12_shot05--00000-velocity--smooth.csv,3_contains_spall_and_hel
Training_Data/08-12-2026\C1--JHAMAL00018-052_69d6b39ef0d5d4b7f27fe486_1_1983_2026-07-29_17-53-26_shot06--00000-velocity--smooth.csv,1_contains_hel
Training_Data/08-12-2026\C1--JHAMAL00018-052_69d6b39ef0d5d4b7f27fe486_1_1983_2026-07-29_17-53-39_shot07--00000-velocity--smooth.csv,3_contains_spall_and_hel
Training_Data/08-12-2026\C1--JHAMAL00018-052_69d6b39ef0d5d4b7f27fe486_1_1983_2026-07-29_17-53-52_shot08--00000-velocity--smooth.csv,3_contains_spall_and_hel
Training_Data/08-12-2026\C1--JHAMAL00018-052_69d6b39ef0d5d4b7f27fe486_1_1983_2026-07-29_17-54-05_shot09--00000-velocity--smooth.csv,1_contains_hel
Training_Data/08-12-2026\C1--JHAMAL00018-052_69d6b39ef0d5d4b7f27fe486_1_1983_2026-07-29_17-54-28_shot10--00000-velocity--smooth.csv,1_contains_hel
Training_Data/08-12-2026\C1--JHAMAL00018-052_69d6b39ef0d5d4b7f27fe486_1_1983_2026-07-29_17-54-42_shot11--00000-velocity--smooth.csv,3_contains_spall_and_hel
Training_Data/08-12-2026\C1--JHAMAL00018-052_69d6b39ef0d5d4b7f27fe486_1_1983_2026-07-29_17-54-55_shot12--00000-velocity--smooth.csv,1_contains_hel
Training_Data/08-12-2026\C1--JHAMAL00018-052_69d6b39ef0d5d4b7f27fe486_1_1983_2026-07-29_17-55-08_shot13--00000-velocity--smooth.csv,1_contains_hel
Training_Data/08-12-2026\C1--JHAMAL00018-052_69d6b39ef0d5d4b7f27fe486_1_1983_2026-07-29_17-55-21_shot14--00000-velocity--smooth.csv,1_contains_hel
Training_Data/08-12-2026\C1--JHAMAL00018-052_69d6b39ef0d5d4b7f27fe486_1_1983_2026-07-29_17-55-34_shot15--00000-velocity--smooth.csv,3_contains_spall_and_hel
Training_Data/08-12-2026\C1--JHAMAL00018-052_69d6b39ef0d5d4b7f27fe486_1_1983_2026-07-29_17-55-47_shot16--00000-velocity--smooth.csv,1_contains_hel
Training_Data/08-12-2026\C1--JHAMAL00018-052_69d6b39ef0d5d4b7f27fe486_1_1983_2026-07-29_17-56-31_shot17--00000-velocity--smooth.csv,1_contains_hel
Training_Data/08-12-2026\C1--JHAMAL00018-052_69d6b39ef0d5d4b7f27fe486_1_1983_2026-07-29_17-56-44_shot18--00000-velocity--smooth.csv,3_contains_spall_and_hel
Training_Data/08-12-2026\C1--JHAMAL00018-052_69d6b39ef0d5d4b7f27fe486_1_1983_2026-07-29_17-56-57_shot19--00000-velocity--smooth.csv,3_contains_spall_and_hel
Training_Data/08-12-2026\C1--JHAMAL00018-052_69d6b39ef0d5d4b7f27fe486_1_1983_2026-07-29_17-57-10_shot20--00000-velocity--smooth.csv,1_contains_hel
Training_Data/08-12-2026\C1--JHAMAL00018-053_69d6b39ef0d5d4b7f27fe487_1_1983_2026-07-29_18-10-24_shot01--00000-velocity--smooth.csv,1_contains_hel
Training_Data/08-12-2026\C1--JHAMAL00018-053_69d6b39ef0d5d4b7f27fe487_1_1983_2026-07-29_18-10-37_shot02--00000-velocity--smooth.csv,1_contains_hel
Training_Data/08-12-2026\C1--JHAMAL00018-053_69d6b39ef0d5d4b7f27fe487_1_1983_2026-07-29_18-10-51_shot03--00000-velocity--smooth.csv,1_contains_hel
Training_Data/08-12-2026\C1--JHAMAL00018-053_69d6b39ef0d5d4b7f27fe487_1_1983_2026-07-29_18-11-14_shot04--00000-velocity--smooth.csv,3_contains_spall_and_hel
Training_Data/08-12-2026\C1--JHAMAL00018-053_69d6b39ef0d5d4b7f27fe487_1_1983_2026-07-29_18-11-27_shot05--00000-velocity--smooth.csv,1_contains_hel
Training_Data/08-12-2026\C1--JHAMAL00018-053_69d6b39ef0d5d4b7f27fe487_1_1983_2026-07-29_18-11-40_shot06--00000-velocity--smooth.csv,1_contains_hel
Training_Data/08-12-2026\C1--JHAMAL00018-053_69d6b39ef0d5d4b7f27fe487_1_1983_2026-07-29_18-11-53_shot07--00000-velocity--smooth.csv,6_reject
Training_Data/08-12-2026\C1--JHAMAL00018-053_69d6b39ef0d5d4b7f27fe487_1_1983_2026-07-29_18-12-06_shot08--00000-velocity--smooth.csv,1_contains_hel
Training_Data/08-12-2026\C1--JHAMAL00018-053_69d6b39ef0d5d4b7f27fe487_1_1983_2026-07-29_18-12-29_shot09--00000-velocity--smooth.csv,1_contains_hel
Training_Data/08-12-2026\C1--JHAMAL00018-053_69d6b39ef0d5d4b7f27fe487_1_1983_2026-07-29_18-12-52_shot10--00000-velocity--smooth.csv,1_contains_hel
Training_Data/08-12-2026\C1--JHAMAL00018-053_69d6b39ef0d5d4b7f27fe487_1_1983_2026-07-29_18-13-06_shot11--00000-velocity--smooth.csv,1_contains_hel
Training_Data/08-12-2026\C1--JHAMAL00018-053_69d6b39ef0d5d4b7f27fe487_1_1983_2026-07-29_18-13-19_shot12--00000-velocity--smooth.csv,6_reject
Training_Data/08-12-2026\C1--JHAMAL00018-053_69d6b39ef0d5d4b7f27fe487_1_1983_2026-07-29_18-13-32_shot13--00000-velocity--smooth.csv,1_contains_hel
Training_Data/08-12-2026\C1--JHAMAL00018-053_69d6b39ef0d5d4b7f27fe487_1_1983_2026-07-29_18-13-45_shot14--00000-velocity--smooth.csv,1_contains_hel
Training_Data/08-12-2026\C1--JHAMAL00018-053_69d6b39ef0d5d4b7f27fe487_1_1983_2026-07-29_18-13-59_shot15--00000-velocity--smooth.csv,6_reject
Training_Data/08-12-2026\C1--JHAMAL00018-053_69d6b39ef0d5d4b7f27fe487_1_1983_2026-07-29_18-14-12_shot16--00000-velocity--smooth.csv,6_reject
Training_Data/08-12-2026\C1--JHAMAL00018-053_69d6b39ef0d5d4b7f27fe487_1_1983_2026-07-29_18-14-25_shot17--00000-velocity--smooth.csv,6_reject
Training_Data/08-12-2026\C1--JHAMAL00018-053_69d6b39ef0d5d4b7f27fe487_1_1983_2026-07-29_18-14-38_shot18--00000-velocity--smooth.csv,1_contains_hel
Training_Data/08-12-2026\C1--JHAMAL00018-053_69d6b39ef0d5d4b7f27fe487_1_1983_2026-07-29_18-14-51_shot19--00000-velocity--smooth.csv,6_reject
Training_Data/08-12-2026\C1--JHAMAL00018-053_69d6b39ef0d5d4b7f27fe487_1_1983_2026-07-29_18-15-04_shot20--00000-velocity--smooth.csv,1_contains_hel
Training_Data/08-12-2026\C1--JHAMAL00018-053_69d6b39ef0d5d4b7f27fe487_1_1983_2026-07-29_18-15-28_shot21--00000-velocity--smooth.csv,1_contains_hel
Training_Data/08-12-2026\C1--JHAMAL00018-054_69d6b39ef0d5d4b7f27fe488_1_1983_2026-07-29_18-27-33_shot01--00000-velocity--smooth.csv,1_contains_hel
Training_Data/08-12-2026\C1--JHAMAL00018-054_69d6b39ef0d5d4b7f27fe488_1_1983_2026-07-29_18-27-46_shot02--00000-velocity--smooth.csv,1_contains_hel
Training_Data/08-12-2026\C1--JHAMAL00018-054_69d6b39ef0d5d4b7f27fe488_1_1983_2026-07-29_18-27-59_shot03--00000-velocity--smooth.csv,1_contains_hel
Training_Data/08-12-2026\C1--JHAMAL00018-054_69d6b39ef0d5d4b7f27fe488_1_1983_2026-07-29_18-28-13_shot04--00000-velocity--smooth.csv,3_contains_spall_and_hel
Training_Data/08-12-2026\C1--JHAMAL00018-054_69d6b39ef0d5d4b7f27fe488_1_1983_2026-07-29_18-28-26_shot05--00000-velocity--smooth.csv,3_contains_spall_and_hel
Training_Data/08-12-2026\C1--JHAMAL00018-054_69d6b39ef0d5d4b7f27fe488_1_1983_2026-07-29_18-28-40_shot06--00000-velocity--smooth.csv,1_contains_hel
Training_Data/08-12-2026\C1--JHAMAL00018-054_69d6b39ef0d5d4b7f27fe488_1_1983_2026-07-29_18-28-53_shot07--00000-velocity--smooth.csv,1_contains_hel
Training_Data/08-12-2026\C1--JHAMAL00018-054_69d6b39ef0d5d4b7f27fe488_1_1983_2026-07-29_18-29-06_shot08--00000-velocity--smooth.csv,1_contains_hel
Training_Data/08-12-2026\C1--JHAMAL00018-054_69d6b39ef0d5d4b7f27fe488_1_1983_2026-07-29_18-29-19_shot09--00000-velocity--smooth.csv,3_contains_spall_and_hel
Training_Data/08-12-2026\C1--JHAMAL00018-054_69d6b39ef0d5d4b7f27fe488_1_1983_2026-07-29_18-29-33_shot10--00000-velocity--smooth.csv,3_contains_spall_and_hel
Training_Data/08-12-2026\C1--JHAMAL00018-054_69d6b39ef0d5d4b7f27fe488_1_1983_2026-07-29_18-29-46_shot11--00000-velocity--smooth.csv,6_reject
Training_Data/08-12-2026\C1--JHAMAL00018-054_69d6b39ef0d5d4b7f27fe488_1_1983_2026-07-29_18-29-59_shot12--00000-velocity--smooth.csv,1_contains_hel
Training_Data/08-12-2026\C1--JHAMAL00018-054_69d6b39ef0d5d4b7f27fe488_1_1983_2026-07-29_18-30-12_shot13--00000-velocity--smooth.csv,1_contains_hel
Training_Data/08-12-2026\C1--JHAMAL00018-054_69d6b39ef0d5d4b7f27fe488_1_1983_2026-07-29_18-30-25_shot14--00000-velocity--smooth.csv,1_contains_hel
Training_Data/08-12-2026\C1--JHAMAL00018-054_69d6b39ef0d5d4b7f27fe488_1_1983_2026-07-29_18-30-38_shot15--00000-velocity--smooth.csv,1_contains_hel
Training_Data/08-12-2026\C1--JHAMAL00018-054_69d6b39ef0d5d4b7f27fe488_1_1983_2026-07-29_18-30-51_shot16--00000-velocity--smooth.csv,1_contains_hel
Training_Data/08-12-2026\C1--JHAMAL00018-054_69d6b39ef0d5d4b7f27fe488_1_1983_2026-07-29_18-31-05_shot17--00000-velocity--smooth.csv,1_contains_hel
Training_Data/08-12-2026\C1--JHAMAL00018-054_69d6b39ef0d5d4b7f27fe488_1_1983_2026-07-29_18-31-28_shot18--00000-velocity--smooth.csv,1_contains_hel
Training_Data/08-12-2026\C1--JHAMAL00018-054_69d6b39ef0d5d4b7f27fe488_1_1983_2026-07-29_18-31-41_shot19--00000-velocity--smooth.csv,1_contains_hel
Training_Data/08-12-2026\C1--JHAMAL00018-054_69d6b39ef0d5d4b7f27fe488_1_1983_2026-07-29_18-31-54_shot20--00000-velocity--smooth.csv,1_contains_hel
Training_Data/08-12-2026\C1--JHAMAL00018-054_69d6b39ef0d5d4b7f27fe488_1_1983_2026-07-29_18-32-07_shot21--00000-velocity--smooth.csv,1_contains_hel
Training_Data/08-12-2026\C1--JHAMAL00018-054_69d6b39ef0d5d4b7f27fe488_1_1983_2026-07-29_18-32-30_shot22--00000-velocity--smooth.csv,1_contains_hel
Training_Data/08-12-2026\C1--JHAMAL00018-054_69d6b39ef0d5d4b7f27fe488_1_1983_2026-07-29_18-32-43_shot23--00000-velocity--smooth.csv,1_contains_hel
Training_Data/08-12-2026\C1--JHAMAL00018-055_69d6b39ef0d5d4b7f27fe489_1_1983_2026-07-29_18-43-58_shot01--00000-velocity--smooth.csv,1_contains_hel
Training_Data/08-12-2026\C1--JHAMAL00018-055_69d6b39ef0d5d4b7f27fe489_1_1983_2026-07-29_18-44-12_shot02--00000-velocity--smooth.csv,1_contains_hel
Training_Data/08-12-2026\C1--JHAMAL00018-055_69d6b39ef0d5d4b7f27fe489_1_1983_2026-07-29_18-44-25_shot03--00000-velocity--smooth.csv,1_contains_hel
Training_Data/08-12-2026\C1--JHAMAL00018-055_69d6b39ef0d5d4b7f27fe489_1_1983_2026-07-29_18-44-38_shot04--00000-velocity--smooth.csv,1_contains_hel
Training_Data/08-12-2026\C1--JHAMAL00018-055_69d6b39ef0d5d4b7f27fe489_1_1983_2026-07-29_18-44-51_shot05--00000-velocity--smooth.csv,1_contains_hel
Training_Data/08-12-2026\C1--JHAMAL00018-055_69d6b39ef0d5d4b7f27fe489_1_1983_2026-07-29_18-45-04_shot06--00000-velocity--smooth.csv,1_contains_hel
Training_Data/08-12-2026\C1--JHAMAL00018-055_69d6b39ef0d5d4b7f27fe489_1_1983_2026-07-29_18-45-18_shot07--00000-velocity--smooth.csv,1_contains_hel
Training_Data/08-12-2026\C1--JHAMAL00018-055_69d6b39ef0d5d4b7f27fe489_1_1983_2026-07-29_18-45-31_shot08--00000-velocity--smooth.csv,2_contains_spall
Training_Data/08-12-2026\C1--JHAMAL00018-055_69d6b39ef0d5d4b7f27fe489_1_1983_2026-07-29_18-45-44_shot09--00000-velocity--smooth.csv,1_contains_hel
Training_Data/08-12-2026\C1--JHAMAL00018-055_69d6b39ef0d5d4b7f27fe489_1_1983_2026-07-29_18-45-57_shot10--00000-velocity--smooth.csv,1_contains_hel
Training_Data/08-12-2026\C1--JHAMAL00018-055_69d6b39ef0d5d4b7f27fe489_1_1983_2026-07-29_18-46-10_shot11--00000-velocity--smooth.csv,1_contains_hel
Training_Data/08-12-2026\C1--JHAMAL00018-055_69d6b39ef0d5d4b7f27fe489_1_1983_2026-07-29_18-46-23_shot12--00000-velocity--smooth.csv,1_contains_hel
Training_Data/08-12-2026\C1--JHAMAL00018-055_69d6b39ef0d5d4b7f27fe489_1_1983_2026-07-29_18-46-37_shot13--00000-velocity--smooth.csv,1_contains_hel
Training_Data/08-12-2026\C1--JHAMAL00018-055_69d6b39ef0d5d4b7f27fe489_1_1983_2026-07-29_18-46-50_shot14--00000-velocity--smooth.csv,1_contains_hel
Training_Data/08-12-2026\C1--JHAMAL00018-055_69d6b39ef0d5d4b7f27fe489_1_1983_2026-07-29_18-47-03_shot15--00000-velocity--smooth.csv,1_contains_hel
Training_Data/08-12-2026\C1--JHAMAL00018-055_69d6b39ef0d5d4b7f27fe489_1_1983_2026-07-29_18-47-16_shot16--00000-velocity--smooth.csv,1_contains_hel
Training_Data/08-12-2026\C1--JHAMAL00018-055_69d6b39ef0d5d4b7f27fe489_1_1983_2026-07-29_18-47-30_shot17--00000-velocity--smooth.csv,1_contains_hel
Training_Data/08-12-2026\C1--JHAMAL00018-055_69d6b39ef0d5d4b7f27fe489_1_1983_2026-07-29_18-47-43_shot18--00000-velocity--smooth.csv,1_contains_hel
Training_Data/08-12-2026\C1--JHAMAL00018-055_69d6b39ef0d5d4b7f27fe489_1_1983_2026-07-29_18-48-06_shot19--00000-velocity--smooth.csv,1_contains_hel
Training_Data/08-12-2026\C1--JHAMAL00018-055_69d6b39ef0d5d4b7f27fe489_1_1983_2026-07-29_18-48-19_shot20--00000-velocity--smooth.csv,1_contains_hel
Training_Data/08-12-2026\C1--JHAMAL00018-055_69d6b39ef0d5d4b7f27fe489_1_1983_2026-07-29_18-48-32_shot21--00000-velocity--smooth.csv,1_contains_hel
Training_Data/08-12-2026\C1--JHAMAL00018-055_69d6b39ef0d5d4b7f27fe489_1_1983_2026-07-29_18-48-46_shot22--00000-velocity--smooth.csv,1_contains_hel
Training_Data/08-12-2026\C1--JHAMAL00018-055_69d6b39ef0d5d4b7f27fe489_1_1983_2026-07-29_18-48-59_shot23--00000-velocity--smooth.csv,1_contains_hel
Training_Data/08-12-2026\C1--JHAMAL00018-056_69d6b39ef0d5d4b7f27fe48a_1_1983_2026-07-29_18-59-38_shot01--00000-velocity--smooth.csv,1_contains_hel
Training_Data/08-12-2026\C1--JHAMAL00018-056_69d6b39ef0d5d4b7f27fe48a_1_1983_2026-07-29_18-59-51_shot02--00000-velocity--smooth.csv,3_contains_spall_and_hel
Training_Data/08-12-2026\C1--JHAMAL00018-056_69d6b39ef0d5d4b7f27fe48a_1_1983_2026-07-29_19-00-04_shot03--00000-velocity--smooth.csv,1_contains_hel
Training_Data/08-12-2026\C1--JHAMAL00018-056_69d6b39ef0d5d4b7f27fe48a_1_1983_2026-07-29_19-00-18_shot04--00000-velocity--smooth.csv,3_contains_spall_and_hel
Training_Data/08-12-2026\C1--JHAMAL00018-056_69d6b39ef0d5d4b7f27fe48a_1_1983_2026-07-29_19-00-31_shot05--00000-velocity--smooth.csv,3_contains_spall_and_hel
Training_Data/08-12-2026\C1--JHAMAL00018-056_69d6b39ef0d5d4b7f27fe48a_1_1983_2026-07-29_19-00-44_shot06--00000-velocity--smooth.csv,1_contains_hel
Training_Data/08-12-2026\C1--JHAMAL00018-056_69d6b39ef0d5d4b7f27fe48a_1_1983_2026-07-29_19-01-22_shot07--00000-velocity--smooth.csv,3_contains_spall_and_hel
Training_Data/08-12-2026\C1--JHAMAL00018-056_69d6b39ef0d5d4b7f27fe48a_1_1983_2026-07-29_19-01-36_shot08--00000-velocity--smooth.csv,1_contains_hel
Training_Data/08-12-2026\C1--JHAMAL00018-056_69d6b39ef0d5d4b7f27fe48a_1_1983_2026-07-29_19-01-49_shot09--00000-velocity--smooth.csv,1_contains_hel
Training_Data/08-12-2026\C1--JHAMAL00018-056_69d6b39ef0d5d4b7f27fe48a_1_1983_2026-07-29_19-02-02_shot10--00000-velocity--smooth.csv,3_contains_spall_and_hel
Training_Data/08-12-2026\C1--JHAMAL00018-056_69d6b39ef0d5d4b7f27fe48a_1_1983_2026-07-29_19-02-15_shot11--00000-velocity--smooth.csv,1_contains_hel
Training_Data/08-12-2026\C1--JHAMAL00018-056_69d6b39ef0d5d4b7f27fe48a_1_1983_2026-07-29_19-02-28_shot12--00000-velocity--smooth.csv,1_contains_hel
Training_Data/08-12-2026\C1--JHAMAL00018-056_69d6b39ef0d5d4b7f27fe48a_1_1983_2026-07-29_19-02-51_shot13--00000-velocity--smooth.csv,1_contains_hel
Training_Data/08-12-2026\C1--JHAMAL00018-056_69d6b39ef0d5d4b7f27fe48a_1_1983_2026-07-29_19-03-14_shot14--00000-velocity--smooth.csv,3_contains_spall_and_hel
Training_Data/08-12-2026\C1--JHAMAL00018-056_69d6b39ef0d5d4b7f27fe48a_1_1983_2026-07-29_19-03-27_shot15--00000-velocity--smooth.csv,5_no_features
Training_Data/08-12-2026\C1--JHAMAL00018-056_69d6b39ef0d5d4b7f27fe48a_1_1983_2026-07-29_19-03-41_shot16--00000-velocity--smooth.csv,1_contains_hel
Training_Data/08-12-2026\C1--JHAMAL00018-056_69d6b39ef0d5d4b7f27fe48a_1_1983_2026-07-29_19-03-54_shot17--00000-velocity--smooth.csv,1_contains_hel
Training_Data/08-12-2026\C1--JHAMAL00018-056_69d6b39ef0d5d4b7f27fe48a_1_1983_2026-07-29_19-04-06_shot18--00000-velocity--smooth.csv,1_contains_hel
Training_Data/08-12-2026\C1--JHAMAL00018-056_69d6b39ef0d5d4b7f27fe48a_1_1983_2026-07-29_19-04-20_shot19--00000-velocity--smooth.csv,1_contains_hel
Training_Data/08-12-2026\C1--JHAMAL00018-056_69d6b39ef0d5d4b7f27fe48a_1_1983_2026-07-29_19-04-33_shot20--00000-velocity--smooth.csv,3_contains_spall_and_hel
Training_Data/08-12-2026\C1--JHAMAL00018-063_69d6b39ef0d5d4b7f27fe491_0_1993_2026-08-05_20-18-15_shot01--00000-velocity--smooth.csv,1_contains_hel
Training_Data/08-12-2026\C1--JHAMAL00018-063_69d6b39ef0d5d4b7f27fe491_0_1993_2026-08-05_20-18-28_shot02--00000-velocity--smooth.csv,1_contains_hel
Training_Data/08-12-2026\C1--JHAMAL00018-063_69d6b39ef0d5d4b7f27fe491_0_1993_2026-08-05_20-18-41_shot03--00000-velocity--smooth.csv,1_contains_hel
Training_Data/08-12-2026\C1--JHAMAL00018-063_69d6b39ef0d5d4b7f27fe491_0_1993_2026-08-05_20-18-53_shot04--00000-velocity--smooth.csv,1_contains_hel
Training_Data/08-12-2026\C1--JHAMAL00018-063_69d6b39ef0d5d4b7f27fe491_0_1993_2026-08-05_20-19-08_shot05--00000-velocity--smooth.csv,3_contains_spall_and_hel
Training_Data/08-12-2026\C1--JHAMAL00018-063_69d6b39ef0d5d4b7f27fe491_0_1993_2026-08-05_20-19-20_shot06--00000-velocity--smooth.csv,1_contains_hel
Training_Data/08-12-2026\C1--JHAMAL00018-063_69d6b39ef0d5d4b7f27fe491_0_1993_2026-08-05_20-19-32_shot07--00000-velocity--smooth.csv,1_contains_hel
Training_Data/08-12-2026\C1--JHAMAL00018-063_69d6b39ef0d5d4b7f27fe491_0_1993_2026-08-05_20-19-45_shot08--00000-velocity--smooth.csv,1_contains_hel
Training_Data/08-12-2026\C1--JHAMAL00018-063_69d6b39ef0d5d4b7f27fe491_0_1993_2026-08-05_20-19-57_shot09--00000-velocity--smooth.csv,1_contains_hel
Training_Data/08-12-2026\C1--JHAMAL00018-063_69d6b39ef0d5d4b7f27fe491_0_1993_2026-08-05_20-20-11_shot10--00000-velocity--smooth.csv,3_contains_spall_and_hel
Training_Data/08-12-2026\C1--JHAMAL00018-063_69d6b39ef0d5d4b7f27fe491_0_1993_2026-08-05_20-20-53_shot11--00000-velocity--smooth.csv,1_contains_hel
Training_Data/08-12-2026\C1--JHAMAL00018-063_69d6b39ef0d5d4b7f27fe491_0_1993_2026-08-05_20-21-05_shot12--00000-velocity--smooth.csv,5_no_features
Training_Data/08-12-2026\C1--JHAMAL00018-063_69d6b39ef0d5d4b7f27fe491_0_1993_2026-08-05_20-21-44_shot13--00000-velocity--smooth.csv,1_contains_hel
Training_Data/08-12-2026\C1--JHAMAL00018-063_69d6b39ef0d5d4b7f27fe491_0_1993_2026-08-05_20-21-57_shot14--00000-velocity--smooth.csv,1_contains_hel
Training_Data/08-12-2026\C1--JHAMAL00018-063_69d6b39ef0d5d4b7f27fe491_0_1993_2026-08-05_20-22-09_shot15--00000-velocity--smooth.csv,5_no_features
Training_Data/08-12-2026\C1--JHAMAL00018-063_69d6b39ef0d5d4b7f27fe491_0_1993_2026-08-05_20-22-44_shot16--00000-velocity--smooth.csv,1_contains_hel
Training_Data/08-12-2026\C1--JHAMAL00018-063_69d6b39ef0d5d4b7f27fe491_0_1993_2026-08-05_20-22-57_shot17--00000-velocity--smooth.csv,2_contains_spall
Training_Data/08-12-2026\C1--JHAMAL00018-063_69d6b39ef0d5d4b7f27fe491_0_1993_2026-08-05_20-23-10_shot18--00000-velocity--smooth.csv,1_contains_hel
Training_Data/08-12-2026\C1--JHAMAL00018-063_69d6b39ef0d5d4b7f27fe491_0_1993_2026-08-05_20-23-22_shot19--00000-velocity--smooth.csv,1_contains_hel
Training_Data/08-12-2026\C1--JHAMAL00018-063_69d6b39ef0d5d4b7f27fe491_0_1993_2026-08-05_20-23-35_shot20--00000-velocity--smooth.csv,1_contains_hel
Training_Data/08-12-2026\C1--JHAMAL00018-064_69d6b39ef0d5d4b7f27fe492_0_1993_2026-08-05_20-27-00_shot01--00000-velocity--smooth.csv,1_contains_hel
Training_Data/08-12-2026\C1--JHAMAL00018-064_69d6b39ef0d5d4b7f27fe492_0_1993_2026-08-05_20-27-12_shot02--00000-velocity--smooth.csv,1_contains_hel
Training_Data/08-12-2026\C1--JHAMAL00018-064_69d6b39ef0d5d4b7f27fe492_0_1993_2026-08-05_20-27-25_shot03--00000-velocity--smooth.csv,1_contains_hel
Training_Data/08-12-2026\C1--JHAMAL00018-064_69d6b39ef0d5d4b7f27fe492_0_1993_2026-08-05_20-27-37_shot04--00000-velocity--smooth.csv,1_contains_hel
Training_Data/08-12-2026\C1--JHAMAL00018-064_69d6b39ef0d5d4b7f27fe492_0_1993_2026-08-05_20-27-49_shot05--00000-velocity--smooth.csv,1_contains_hel
Training_Data/08-12-2026\C1--JHAMAL00018-064_69d6b39ef0d5d4b7f27fe492_0_1993_2026-08-05_20-28-04_shot06--00000-velocity--smooth.csv,1_contains_hel
Training_Data/08-12-2026\C1--JHAMAL00018-064_69d6b39ef0d5d4b7f27fe492_0_1993_2026-08-05_20-28-25_shot07--00000-velocity--smooth.csv,1_contains_hel
Training_Data/08-12-2026\C1--JHAMAL00018-064_69d6b39ef0d5d4b7f27fe492_0_1993_2026-08-05_20-28-37_shot08--00000-velocity--smooth.csv,1_contains_hel
Training_Data/08-12-2026\C1--JHAMAL00018-064_69d6b39ef0d5d4b7f27fe492_0_1993_2026-08-05_20-28-50_shot09--00000-velocity--smooth.csv,5_no_features
Training_Data/08-12-2026\C1--JHAMAL00018-064_69d6b39ef0d5d4b7f27fe492_0_1993_2026-08-05_20-29-04_shot10--00000-velocity--smooth.csv,1_contains_hel
Training_Data/08-12-2026\C1--JHAMAL00018-064_69d6b39ef0d5d4b7f27fe492_0_1993_2026-08-05_20-29-16_shot11--00000-velocity--smooth.csv,1_contains_hel
Training_Data/08-12-2026\C1--JHAMAL00018-064_69d6b39ef0d5d4b7f27fe492_0_1993_2026-08-05_20-29-28_shot12--00000-velocity--smooth.csv,1_contains_hel
Training_Data/08-12-2026\C1--JHAMAL00018-064_69d6b39ef0d5d4b7f27fe492_0_1993_2026-08-05_20-29-41_shot13--00000-velocity--smooth.csv,1_contains_hel
Training_Data/08-12-2026\C1--JHAMAL00018-064_69d6b39ef0d5d4b7f27fe492_0_1993_2026-08-05_20-29-53_shot14--00000-velocity--smooth.csv,1_contains_hel
Training_Data/08-12-2026\C1--JHAMAL00018-064_69d6b39ef0d5d4b7f27fe492_0_1993_2026-08-05_20-30-08_shot15--00000-velocity--smooth.csv,6_reject
Training_Data/08-12-2026\C1--JHAMAL00018-064_69d6b39ef0d5d4b7f27fe492_0_1993_2026-08-05_20-30-29_shot16--00000-velocity--smooth.csv,1_contains_hel
Training_Data/08-12-2026\C1--JHAMAL00018-064_69d6b39ef0d5d4b7f27fe492_0_1993_2026-08-05_20-30-41_shot17--00000-velocity--smooth.csv,1_contains_hel
Training_Data/08-12-2026\C1--JHAMAL00018-064_69d6b39ef0d5d4b7f27fe492_0_1993_2026-08-05_20-31-05_shot18--00000-velocity--smooth.csv,1_contains_hel
Training_Data/08-12-2026\C1--JHAMAL00018-064_69d6b39ef0d5d4b7f27fe492_0_1993_2026-08-05_20-31-37_shot19--00000-velocity--smooth.csv,1_contains_hel
Training_Data/08-12-2026\C1--JHAMAL00018-064_69d6b39ef0d5d4b7f27fe492_0_1993_2026-08-05_20-31-50_shot20--00000-velocity--smooth.csv,1_contains_hel
Training_Data/08-12-2026\C1--JHAMAL00018-064_69d6b39ef0d5d4b7f27fe492_0_1993_2026-08-05_20-32-02_shot21--00000-velocity--smooth.csv,6_reject
Training_Data/08-12-2026\C1--JHAMAL00018-065_69d6b39ef0d5d4b7f27fe493_0_1993_2026-08-05_20-35-38_shot01--00000-velocity--smooth.csv,1_contains_hel
Training_Data/08-12-2026\C1--JHAMAL00018-065_69d6b39ef0d5d4b7f27fe493_0_1993_2026-08-05_20-35-51_shot02--00000-velocity--smooth.csv,1_contains_hel
Training_Data/08-12-2026\C1--JHAMAL00018-065_69d6b39ef0d5d4b7f27fe493_0_1993_2026-08-05_20-36-03_shot03--00000-velocity--smooth.csv,1_contains_hel
Training_Data/08-12-2026\C1--JHAMAL00018-065_69d6b39ef0d5d4b7f27fe493_0_1993_2026-08-05_20-36-16_shot04--00000-velocity--smooth.csv,5_no_features
Training_Data/08-12-2026\C1--JHAMAL00018-065_69d6b39ef0d5d4b7f27fe493_0_1993_2026-08-05_20-36-30_shot05--00000-velocity--smooth.csv,1_contains_hel
Training_Data/08-12-2026\C1--JHAMAL00018-065_69d6b39ef0d5d4b7f27fe493_0_1993_2026-08-05_20-36-42_shot06--00000-velocity--smooth.csv,1_contains_hel
Training_Data/08-12-2026\C1--JHAMAL00018-065_69d6b39ef0d5d4b7f27fe493_0_1993_2026-08-05_20-36-55_shot07--00000-velocity--smooth.csv,1_contains_hel
Training_Data/08-12-2026\C1--JHAMAL00018-065_69d6b39ef0d5d4b7f27fe493_0_1993_2026-08-05_20-37-07_shot08--00000-velocity--smooth.csv,1_contains_hel
Training_Data/08-12-2026\C1--JHAMAL00018-065_69d6b39ef0d5d4b7f27fe493_0_1993_2026-08-05_20-37-19_shot09--00000-velocity--smooth.csv,1_contains_hel
Training_Data/08-12-2026\C1--JHAMAL00018-065_69d6b39ef0d5d4b7f27fe493_0_1993_2026-08-05_20-37-34_shot10--00000-velocity--smooth.csv,1_contains_hel
Training_Data/08-12-2026\C1--JHAMAL00018-065_69d6b39ef0d5d4b7f27fe493_0_1993_2026-08-05_20-37-46_shot11--00000-velocity--smooth.csv,1_contains_hel
Training_Data/08-12-2026\C1--JHAMAL00018-065_69d6b39ef0d5d4b7f27fe493_0_1993_2026-08-05_20-37-58_shot12--00000-velocity--smooth.csv,1_contains_hel
Training_Data/08-12-2026\C1--JHAMAL00018-065_69d6b39ef0d5d4b7f27fe493_0_1993_2026-08-05_20-38-11_shot13--00000-velocity--smooth.csv,1_contains_hel
Training_Data/08-12-2026\C1--JHAMAL00018-065_69d6b39ef0d5d4b7f27fe493_0_1993_2026-08-05_20-38-29_shot14--00000-velocity--smooth.csv,5_no_features
Training_Data/08-12-2026\C1--JHAMAL00018-065_69d6b39ef0d5d4b7f27fe493_0_1993_2026-08-05_20-38-43_shot15--00000-velocity--smooth.csv,1_contains_hel
Training_Data/08-12-2026\C1--JHAMAL00018-065_69d6b39ef0d5d4b7f27fe493_0_1993_2026-08-05_20-39-00_shot16--00000-velocity--smooth.csv,5_no_features
Training_Data/08-12-2026\C1--JHAMAL00018-065_69d6b39ef0d5d4b7f27fe493_0_1993_2026-08-05_20-39-12_shot17--00000-velocity--smooth.csv,1_contains_hel
Training_Data/08-12-2026\C1--JHAMAL00018-065_69d6b39ef0d5d4b7f27fe493_0_1993_2026-08-05_20-39-24_shot18--00000-velocity--smooth.csv,1_contains_hel
Training_Data/08-12-2026\C1--JHAMAL00018-065_69d6b39ef0d5d4b7f27fe493_0_1993_2026-08-05_20-39-37_shot19--00000-velocity--smooth.csv,2_contains_spall
Training_Data/08-12-2026\C1--JHAMAL00018-065_69d6b39ef0d5d4b7f27fe493_0_1993_2026-08-05_20-39-51_shot20--00000-velocity--smooth.csv,1_contains_hel
Training_Data/08-12-2026\C1--JHAMAL00018-065_69d6b39ef0d5d4b7f27fe493_0_1993_2026-08-05_20-40-04_shot21--00000-velocity--smooth.csv,1_contains_hel
Training_Data/08-12-2026\C1--JHAMAL00018-065_69d6b39ef0d5d4b7f27fe493_0_1993_2026-08-05_20-40-16_shot22--00000-velocity--smooth.csv,1_contains_hel
Training_Data/08-12-2026\C1--JHAMAL00018-065_69d6b39ef0d5d4b7f27fe493_0_1993_2026-08-05_20-40-41_shot23--00000-velocity--smooth.csv,5_no_features
Training_Data/08-12-2026\C1--JHAMAL00018-066_69d6b39ef0d5d4b7f27fe494_0_1993_2026-08-05_21-14-43_shot01--00000-velocity--smooth.csv,5_no_features
Training_Data/08-12-2026\C1--JHAMAL00018-066_69d6b39ef0d5d4b7f27fe494_0_1993_2026-08-05_21-14-57_shot02--00000-velocity--smooth.csv,1_contains_hel
Training_Data/08-12-2026\C1--JHAMAL00018-066_69d6b39ef0d5d4b7f27fe494_0_1993_2026-08-05_21-15-30_shot03--00000-velocity--smooth.csv,1_contains_hel
Training_Data/08-12-2026\C1--JHAMAL00018-066_69d6b39ef0d5d4b7f27fe494_0_1993_2026-08-05_21-15-52_shot04--00000-velocity--smooth.csv,1_contains_hel
Training_Data/08-12-2026\C1--JHAMAL00018-066_69d6b39ef0d5d4b7f27fe494_0_1993_2026-08-05_21-16-06_shot05--00000-velocity--smooth.csv,1_contains_hel
Training_Data/08-12-2026\C1--JHAMAL00018-066_69d6b39ef0d5d4b7f27fe494_0_1993_2026-08-05_21-16-19_shot06--00000-velocity--smooth.csv,1_contains_hel
Training_Data/08-12-2026\C1--JHAMAL00018-066_69d6b39ef0d5d4b7f27fe494_0_1993_2026-08-05_21-16-40_shot07--00000-velocity--smooth.csv,1_contains_hel
Training_Data/08-12-2026\C1--JHAMAL00018-066_69d6b39ef0d5d4b7f27fe494_0_1993_2026-08-05_21-16-52_shot08--00000-velocity--smooth.csv,5_no_features
Training_Data/08-12-2026\C1--JHAMAL00018-067_69d6b39ef0d5d4b7f27fe495_0_1993_2026-08-05_21-20-19_shot01--00000-velocity--smooth.csv,1_contains_hel
Training_Data/08-12-2026\C1--JHAMAL00018-067_69d6b39ef0d5d4b7f27fe495_0_1993_2026-08-05_21-20-32_shot02--00000-velocity--smooth.csv,1_contains_hel
Training_Data/08-12-2026\C1--JHAMAL00018-067_69d6b39ef0d5d4b7f27fe495_0_1993_2026-08-05_21-20-44_shot03--00000-velocity--smooth.csv,1_contains_hel
Training_Data/08-12-2026\C1--JHAMAL00018-067_69d6b39ef0d5d4b7f27fe495_0_1993_2026-08-05_21-20-56_shot04--00000-velocity--smooth.csv,1_contains_hel
Training_Data/08-12-2026\C1--JHAMAL00018-067_69d6b39ef0d5d4b7f27fe495_0_1993_2026-08-05_21-21-10_shot05--00000-velocity--smooth.csv,5_no_features
Training_Data/08-12-2026\C1--JHAMAL00018-067_69d6b39ef0d5d4b7f27fe495_0_1993_2026-08-05_21-21-24_shot06--00000-velocity--smooth.csv,1_contains_hel
Training_Data/08-12-2026\C1--JHAMAL00018-067_69d6b39ef0d5d4b7f27fe495_0_1993_2026-08-05_21-21-37_shot07--00000-velocity--smooth.csv,1_contains_hel
Training_Data/08-12-2026\C1--JHAMAL00018-067_69d6b39ef0d5d4b7f27fe495_0_1993_2026-08-05_21-21-49_shot08--00000-velocity--smooth.csv,1_contains_hel
Training_Data/08-12-2026\C1--JHAMAL00018-067_69d6b39ef0d5d4b7f27fe495_0_1993_2026-08-05_21-22-01_shot09--00000-velocity--smooth.csv,1_contains_hel
Training_Data/08-12-2026\C1--JHAMAL00018-067_69d6b39ef0d5d4b7f27fe495_0_1993_2026-08-05_21-22-26_shot10--00000-velocity--smooth.csv,1_contains_hel
Training_Data/08-12-2026\C1--JHAMAL00018-067_69d6b39ef0d5d4b7f27fe495_0_1993_2026-08-05_21-22-38_shot11--00000-velocity--smooth.csv,1_contains_hel
Training_Data/08-12-2026\C1--JHAMAL00018-067_69d6b39ef0d5d4b7f27fe495_0_1993_2026-08-05_21-22-51_shot12--00000-velocity--smooth.csv,1_contains_hel
Training_Data/08-12-2026\C1--JHAMAL00018-067_69d6b39ef0d5d4b7f27fe495_0_1993_2026-08-05_21-23-03_shot13--00000-velocity--smooth.csv,1_contains_hel
Training_Data/08-12-2026\C1--JHAMAL00018-067_69d6b39ef0d5d4b7f27fe495_0_1993_2026-08-05_21-23-16_shot14--00000-velocity--smooth.csv,5_no_features
Training_Data/08-12-2026\C1--JHAMAL00018-067_69d6b39ef0d5d4b7f27fe495_0_1993_2026-08-05_21-23-30_shot15--00000-velocity--smooth.csv,1_contains_hel
Training_Data/08-12-2026\C1--JHAMAL00018-067_69d6b39ef0d5d4b7f27fe495_0_1993_2026-08-05_21-23-42_shot16--00000-velocity--smooth.csv,1_contains_hel
Training_Data/08-12-2026\C1--JHAMAL00018-067_69d6b39ef0d5d4b7f27fe495_0_1993_2026-08-05_21-23-55_shot17--00000-velocity--smooth.csv,1_contains_hel
Training_Data/08-12-2026\C1--JHAMAL00018-067_69d6b39ef0d5d4b7f27fe495_0_1993_2026-08-05_21-24-07_shot18--00000-velocity--smooth.csv,5_no_features
Training_Data/08-12-2026\C1--JHAMAL00018-067_69d6b39ef0d5d4b7f27fe495_0_1993_2026-08-05_21-24-30_shot19--00000-velocity--smooth.csv,1_contains_hel
Training_Data/08-12-2026\C1--JHAMAL00018-067_69d6b39ef0d5d4b7f27fe495_0_1993_2026-08-05_21-24-43_shot20--00000-velocity--smooth.csv,1_contains_hel
Training_Data/08-12-2026\C1--JHAMAL00018-067_69d6b39ef0d5d4b7f27fe495_0_1993_2026-08-05_21-24-55_shot21--00000-velocity--smooth.csv,1_contains_hel
Training_Data/08-12-2026\C1--JHAMAL00018-068_69d6b39ef0d5d4b7f27fe496_0_1993_2026-08-05_21-28-51_shot01--00000-velocity--smooth.csv,1_contains_hel
Training_Data/08-12-2026\C1--JHAMAL00018-068_69d6b39ef0d5d4b7f27fe496_0_1993_2026-08-05_21-29-04_shot02--00000-velocity--smooth.csv,1_contains_hel
Training_Data/08-12-2026\C1--JHAMAL00018-068_69d6b39ef0d5d4b7f27fe496_0_1993_2026-08-05_21-29-25_shot03--00000-velocity--smooth.csv,1_contains_hel
Training_Data/08-12-2026\C1--JHAMAL00018-068_69d6b39ef0d5d4b7f27fe496_0_1993_2026-08-05_21-29-38_shot04--00000-velocity--smooth.csv,1_contains_hel
Training_Data/08-12-2026\C1--JHAMAL00018-068_69d6b39ef0d5d4b7f27fe496_0_1993_2026-08-05_21-29-52_shot05--00000-velocity--smooth.csv,1_contains_hel
Training_Data/08-12-2026\C1--JHAMAL00018-068_69d6b39ef0d5d4b7f27fe496_0_1993_2026-08-05_21-30-04_shot06--00000-velocity--smooth.csv,1_contains_hel
Training_Data/08-12-2026\C1--JHAMAL00018-068_69d6b39ef0d5d4b7f27fe496_0_1993_2026-08-05_21-30-17_shot07--00000-velocity--smooth.csv,1_contains_hel
Training_Data/08-12-2026\C1--JHAMAL00018-068_69d6b39ef0d5d4b7f27fe496_0_1993_2026-08-05_21-30-29_shot08--00000-velocity--smooth.csv,1_contains_hel
Training_Data/08-12-2026\C1--JHAMAL00018-068_69d6b39ef0d5d4b7f27fe496_0_1993_2026-08-05_21-30-42_shot09--00000-velocity--smooth.csv,5_no_features
Training_Data/08-12-2026\C1--JHAMAL00018-068_69d6b39ef0d5d4b7f27fe496_0_1993_2026-08-05_21-30-56_shot10--00000-velocity--smooth.csv,1_contains_hel
Training_Data/08-12-2026\C1--JHAMAL00018-068_69d6b39ef0d5d4b7f27fe496_0_1993_2026-08-05_21-31-08_shot11--00000-velocity--smooth.csv,1_contains_hel
Training_Data/08-12-2026\C1--JHAMAL00018-068_69d6b39ef0d5d4b7f27fe496_0_1993_2026-08-05_21-31-20_shot12--00000-velocity--smooth.csv,1_contains_hel
Training_Data/08-12-2026\C1--JHAMAL00018-068_69d6b39ef0d5d4b7f27fe496_0_1993_2026-08-05_21-31-33_shot13--00000-velocity--smooth.csv,1_contains_hel
Training_Data/08-12-2026\C1--JHAMAL00018-068_69d6b39ef0d5d4b7f27fe496_0_1993_2026-08-05_21-31-45_shot14--00000-velocity--smooth.csv,5_no_features
Training_Data/08-12-2026\C1--JHAMAL00018-068_69d6b39ef0d5d4b7f27fe496_0_1993_2026-08-05_21-31-59_shot15--00000-velocity--smooth.csv,1_contains_hel
Training_Data/08-12-2026\C1--JHAMAL00018-068_69d6b39ef0d5d4b7f27fe496_0_1993_2026-08-05_21-32-11_shot16--00000-velocity--smooth.csv,1_contains_hel
Training_Data/08-12-2026\C1--JHAMAL00018-068_69d6b39ef0d5d4b7f27fe496_0_1993_2026-08-05_21-32-23_shot17--00000-velocity--smooth.csv,1_contains_hel
Training_Data/08-12-2026\C1--JHAMAL00018-068_69d6b39ef0d5d4b7f27fe496_0_1993_2026-08-05_21-32-36_shot18--00000-velocity--smooth.csv,1_contains_hel
Training_Data/08-12-2026\C1--JHAMAL00018-068_69d6b39ef0d5d4b7f27fe496_0_1993_2026-08-05_21-32-48_shot19--00000-velocity--smooth.csv,5_no_features
Training_Data/08-12-2026\C1--JHAMAL00018-068_69d6b39ef0d5d4b7f27fe496_0_1993_2026-08-05_21-33-03_shot20--00000-velocity--smooth.csv,1_contains_hel
Training_Data/08-12-2026\C1--JHAMAL00018-068_69d6b39ef0d5d4b7f27fe496_0_1993_2026-08-05_21-33-24_shot21--00000-velocity--smooth.csv,1_contains_hel
Training_Data/08-12-2026\C1--JHAMAL00018-068_69d6b39ef0d5d4b7f27fe496_0_1993_2026-08-05_21-33-36_shot22--00000-velocity--smooth.csv,5_no_features
Training_Data/08-12-2026\C1--JHAMAL00018-068_69d6b39ef0d5d4b7f27fe496_0_1993_2026-08-05_21-33-48_shot23--00000-velocity--smooth.csv,5_no_features
Training_Data/08-12-2026\C1--NWXMAB00009-002-001_2026-07-06_20-35-12_shot01--00000-velocity--smooth.csv,2_contains_spall
Training_Data/08-12-2026\C1--NWXMAB00010-002-001_2026-07-06_21-45-25_shot01--00000-velocity--smooth.csv,5_no_features
Training_Data/08-12-2026\C2--JHACRA00004-004_2026-07-06_18-03-00_shot01--00000-velocity--smooth.csv,6_reject
Training_Data/08-12-2026\C2--JHACRA00004-004_2026-07-06_18-03-10_shot02--00000-velocity--smooth.csv,4_velocity_shot
Training_Data/08-12-2026\C2--JHACRA00004-004_2026-07-06_18-03-20_shot03--00000-velocity--smooth.csv,5_no_features
Training_Data/08-12-2026\C2--JHACRA00004-004_2026-07-06_18-03-32_shot04--00000-velocity--smooth.csv,4_velocity_shot
Training_Data/08-12-2026\C2--JHACRA00004-004_2026-07-06_18-03-42_shot05--00000-velocity--smooth.csv,6_reject
Training_Data/08-12-2026\C2--JHACRA00004-004_2026-07-06_18-03-52_shot06--00000-velocity--smooth.csv,6_reject
Training_Data/08-12-2026\C2--JHACRA00004-004_2026-07-06_18-04-04_shot07--00000-velocity--smooth.csv,6_reject
Training_Data/08-12-2026\C2--JHACRA00004-004_2026-07-06_18-04-19_shot08--00000-velocity--smooth.csv,4_velocity_shot
Training_Data/08-12-2026\C2--JHAMAL00016-102_69d3f8af8daaca38a7aa7fd2_0_2001_2026-08-07_16-27-17_shot01--00000-velocity--smooth.csv,3_contains_spall_and_hel
Training_Data/08-12-2026\C2--JHAMAL00016-102_69d3f8af8daaca38a7aa7fd2_0_2001_2026-08-07_16-27-45_shot02--00000-velocity--smooth.csv,1_contains_hel
Training_Data/08-12-2026\C2--JHAMAL00016-102_69d3f8af8daaca38a7aa7fd2_0_2001_2026-08-07_16-27-58_shot03--00000-velocity--smooth.csv,1_contains_hel
Training_Data/08-12-2026\C2--JHAMAL00016-102_69d3f8af8daaca38a7aa7fd2_0_2008_2026-08-07_17-06-05_shot01--00000-velocity--smooth.csv,6_reject
Training_Data/08-12-2026\C2--JHAMAL00016-102_69d3f8af8daaca38a7aa7fd2_0_2008_2026-08-07_17-07-17_shot02--00000-velocity--smooth.csv,3_contains_spall_and_hel
Training_Data/08-12-2026\C2--JHAMAL00016-102_69d3f8af8daaca38a7aa7fd2_0_2008_2026-08-07_17-07-41_shot03--00000-velocity--smooth.csv,1_contains_hel
Training_Data/08-12-2026\C2--JHAMAL00016-102_69d3f8af8daaca38a7aa7fd2_0_2008_2026-08-07_17-08-01_shot04--00000-velocity--smooth.csv,1_contains_hel
Training_Data/08-12-2026\C2--JHAMAL00016-102_69d3f8af8daaca38a7aa7fd2_0_2008_2026-08-07_17-09-14_shot05--00000-velocity--smooth.csv,6_reject
Training_Data/08-12-2026\C2--JHAMAL00016-102_69d3f8af8daaca38a7aa7fd2_0_2008_2026-08-07_17-10-02_shot06--00000-velocity--smooth.csv,6_reject
Training_Data/08-12-2026\C2--NWXMAB00009-002-001_2026-07-06_20-35-12_shot01--00000-velocity--smooth.csv,6_reject
Training_Data/08-12-2026\C2--NWXMAB00010-002-001_2026-07-06_21-45-25_shot01--00000-velocity--smooth.csv,2_contains_spall
Training_Data/08-12-2026\C3--JHACRA00004-004_2026-07-06_18-03-00_shot01--00000-velocity--smooth.csv,6_reject
Training_Data/08-12-2026\C3--JHACRA00004-004_2026-07-06_18-03-10_shot02--00000-velocity--smooth.csv,6_reject
Training_Data/08-12-2026\C3--JHACRA00004-004_2026-07-06_18-03-20_shot03--00000-velocity--smooth.csv,6_reject
Training_Data/08-12-2026\C3--JHACRA00004-004_2026-07-06_18-03-32_shot04--00000-velocity--smooth.csv,6_reject
Training_Data/08-12-2026\C3--JHACRA00004-004_2026-07-06_18-03-42_shot05--00000-velocity--smooth.csv,6_reject
Training_Data/08-12-2026\C3--JHACRA00004-004_2026-07-06_18-03-52_shot06--00000-velocity--smooth.csv,6_reject
Training_Data/08-12-2026\C3--JHACRA00004-004_2026-07-06_18-04-04_shot07--00000-velocity--smooth.csv,6_reject
Training_Data/08-12-2026\C3--JHACRA00004-004_2026-07-06_18-04-19_shot08--00000-velocity--smooth.csv,6_reject
Training_Data/08-12-2026\C3--JHAMAL00016-102_69d3f8af8daaca38a7aa7fd2_0_2001_2026-08-07_16-27-17_shot01--00000-velocity--smooth.csv,6_reject
Training_Data/08-12-2026\C3--JHAMAL00016-102_69d3f8af8daaca38a7aa7fd2_0_2001_2026-08-07_16-27-45_shot02--00000-velocity--smooth.csv,6_reject
Training_Data/08-12-2026\C3--JHAMAL00016-102_69d3f8af8daaca38a7aa7fd2_0_2001_2026-08-07_16-27-58_shot03--00000-velocity--smooth.csv,6_reject
Training_Data/08-12-2026\C3--JHAMAL00016-102_69d3f8af8daaca38a7aa7fd2_0_2008_2026-08-07_17-06-05_shot01--00000-velocity--smooth.csv,6_reject
Training_Data/08-12-2026\C3--JHAMAL00016-102_69d3f8af8daaca38a7aa7fd2_0_2008_2026-08-07_17-07-17_shot02--00000-velocity--smooth.csv,6_reject
Training_Data/08-12-2026\C3--JHAMAL00016-102_69d3f8af8daaca38a7aa7fd2_0_2008_2026-08-07_17-07-41_shot03--00000-velocity--smooth.csv,6_reject
Training_Data/08-12-2026\C3--JHAMAL00016-102_69d3f8af8daaca38a7aa7fd2_0_2008_2026-08-07_17-08-01_shot04--00000-velocity--smooth.csv,6_reject
Training_Data/08-12-2026\C3--JHAMAL00016-102_69d3f8af8daaca38a7aa7fd2_0_2008_2026-08-07_17-09-14_shot05--00000-velocity--smooth.csv,6_reject
Training_Data/08-12-2026\C3--JHAMAL00016-102_69d3f8af8daaca38a7aa7fd2_0_2008_2026-08-07_17-10-02_shot06--00000-velocity--smooth.csv,6_reject
Training_Data/08-12-2026\C3--NWXMAB00009-002-001_2026-07-06_20-35-12_shot01--00000-velocity--smooth.csv,5_no_features
Training_Data/08-12-2026\C3--NWXMAB00010-002-001_2026-07-06_21-45-25_shot01--00000-velocity--smooth.csv,6_reject
Training_Data/08-12-2026\C4--JHAMAL00016-102_69d3f8af8daaca38a7aa7fd2_0_2001_2026-08-07_16-27-17_shot01--00000-velocity--smooth.csv,6_reject
Training_Data/08-12-2026\C4--JHAMAL00016-102_69d3f8af8daaca38a7aa7fd2_0_2001_2026-08-07_16-27-45_shot02--00000-velocity--smooth.csv,6_reject
Training_Data/08-12-2026\C4--JHAMAL00016-102_69d3f8af8daaca38a7aa7fd2_0_2001_2026-08-07_16-27-58_shot03--00000-velocity--smooth.csv,6_reject
